This is pdfTeX, Version 3.141592653-2.6-1.40.28 (TeX Live 2025) (preloaded format=pdflatex 2025.11.26)  26 NOV 2025 22:50
entering extended mode
 restricted \write18 enabled.
 %&-line parsing enabled.
**_main.tex
(./_main.tex
LaTeX2e <2025-11-01>
L3 programming layer <2025-11-14>
(/Users/trzmahhh/Library/TinyTeX/texmf-dist/tex/latex/base/article.cls
Document Class: article 2025/01/22 v1.4n Standard LaTeX document class
(/Users/trzmahhh/Library/TinyTeX/texmf-dist/tex/latex/base/size10.clo
File: size10.clo 2025/01/22 v1.4n Standard LaTeX file (size option)
)
\c@part=\count275
\c@section=\count276
\c@subsection=\count277
\c@subsubsection=\count278
\c@paragraph=\count279
\c@subparagraph=\count280
\c@figure=\count281
\c@table=\count282
\abovecaptionskip=\skip49
\belowcaptionskip=\skip50
\bibindent=\dimen148
) (/Users/trzmahhh/Library/TinyTeX/texmf-dist/tex/latex/xcolor/xcolor.sty
Package: xcolor 2024/09/29 v3.02 LaTeX color extensions (UK)
(/Users/trzmahhh/Library/TinyTeX/texmf-dist/tex/latex/graphics-cfg/color.cfg
File: color.cfg 2016/01/02 v1.6 sample color configuration
)
Package xcolor Info: Driver file: pdftex.def on input line 274.
(/Users/trzmahhh/Library/TinyTeX/texmf-dist/tex/latex/graphics-def/pdftex.def
File: pdftex.def 2025/09/29 v1.2d Graphics/color driver for pdftex
) (/Users/trzmahhh/Library/TinyTeX/texmf-dist/tex/latex/graphics/mathcolor.ltx)
Package xcolor Info: Model `cmy' substituted by `cmy0' on input line 1349.
Package xcolor Info: Model `hsb' substituted by `rgb' on input line 1353.
Package xcolor Info: Model `RGB' extended on input line 1365.
Package xcolor Info: Model `HTML' substituted by `rgb' on input line 1367.
Package xcolor Info: Model `Hsb' substituted by `hsb' on input line 1368.
Package xcolor Info: Model `tHsb' substituted by `hsb' on input line 1369.
Package xcolor Info: Model `HSB' substituted by `hsb' on input line 1370.
Package xcolor Info: Model `Gray' substituted by `gray' on input line 1371.
Package xcolor Info: Model `wave' substituted by `hsb' on input line 1372.
) (/Users/trzmahhh/Library/TinyTeX/texmf-dist/tex/latex/geometry/geometry.sty
Package: geometry 2020/01/02 v5.9 Page Geometry
(/Users/trzmahhh/Library/TinyTeX/texmf-dist/tex/latex/graphics/keyval.sty
Package: keyval 2022/05/29 v1.15 key=value parser (DPC)
\KV@toks@=\toks17
) (/Users/trzmahhh/Library/TinyTeX/texmf-dist/tex/generic/iftex/ifvtex.sty
Package: ifvtex 2019/10/25 v1.7 ifvtex legacy package. Use iftex instead.
(/Users/trzmahhh/Library/TinyTeX/texmf-dist/tex/generic/iftex/iftex.sty
Package: iftex 2024/12/12 v1.0g TeX engine tests
))
\Gm@cnth=\count283
\Gm@cntv=\count284
\c@Gm@tempcnt=\count285
\Gm@bindingoffset=\dimen149
\Gm@wd@mp=\dimen150
\Gm@odd@mp=\dimen151
\Gm@even@mp=\dimen152
\Gm@layoutwidth=\dimen153
\Gm@layoutheight=\dimen154
\Gm@layouthoffset=\dimen155
\Gm@layoutvoffset=\dimen156
\Gm@dimlist=\toks18
) (/Users/trzmahhh/Library/TinyTeX/texmf-dist/tex/latex/amsmath/amsmath.sty
Package: amsmath 2025/07/09 v2.17z AMS math features
\@mathmargin=\skip51
For additional information on amsmath, use the `?' option.
(/Users/trzmahhh/Library/TinyTeX/texmf-dist/tex/latex/amsmath/amstext.sty
Package: amstext 2024/11/17 v2.01 AMS text
(/Users/trzmahhh/Library/TinyTeX/texmf-dist/tex/latex/amsmath/amsgen.sty
File: amsgen.sty 1999/11/30 v2.0 generic functions
\@emptytoks=\toks19
\ex@=\dimen157
)) (/Users/trzmahhh/Library/TinyTeX/texmf-dist/tex/latex/amsmath/amsbsy.sty
Package: amsbsy 1999/11/29 v1.2d Bold Symbols
\pmbraise@=\dimen158
) (/Users/trzmahhh/Library/TinyTeX/texmf-dist/tex/latex/amsmath/amsopn.sty
Package: amsopn 2022/04/08 v2.04 operator names
)
\inf@bad=\count286
LaTeX Info: Redefining \frac on input line 233.
\uproot@=\count287
\leftroot@=\count288
LaTeX Info: Redefining \overline on input line 398.
LaTeX Info: Redefining \colon on input line 409.
\classnum@=\count289
\DOTSCASE@=\count290
LaTeX Info: Redefining \ldots on input line 495.
LaTeX Info: Redefining \dots on input line 498.
LaTeX Info: Redefining \cdots on input line 619.
\Mathstrutbox@=\box53
\strutbox@=\box54
LaTeX Info: Redefining \big on input line 721.
LaTeX Info: Redefining \Big on input line 722.
LaTeX Info: Redefining \bigg on input line 723.
LaTeX Info: Redefining \Bigg on input line 724.
\big@size=\dimen159
LaTeX Font Info:    Redeclaring font encoding OML on input line 742.
LaTeX Font Info:    Redeclaring font encoding OMS on input line 743.
\macc@depth=\count291
LaTeX Info: Redefining \bmod on input line 904.
LaTeX Info: Redefining \pmod on input line 909.
LaTeX Info: Redefining \smash on input line 939.
LaTeX Info: Redefining \relbar on input line 969.
LaTeX Info: Redefining \Relbar on input line 970.
\c@MaxMatrixCols=\count292
\dotsspace@=\muskip17
\c@parentequation=\count293
\dspbrk@lvl=\count294
\tag@help=\toks20
\row@=\count295
\column@=\count296
\maxfields@=\count297
\andhelp@=\toks21
\eqnshift@=\dimen160
\alignsep@=\dimen161
\tagshift@=\dimen162
\tagwidth@=\dimen163
\totwidth@=\dimen164
\lineht@=\dimen165
\@envbody=\toks22
\multlinegap=\skip52
\multlinetaggap=\skip53
\mathdisplay@stack=\toks23
LaTeX Info: Redefining \[ on input line 2950.
LaTeX Info: Redefining \] on input line 2951.
) (/Users/trzmahhh/Library/TinyTeX/texmf-dist/tex/latex/amsfonts/amssymb.sty
Package: amssymb 2013/01/14 v3.01 AMS font symbols
(/Users/trzmahhh/Library/TinyTeX/texmf-dist/tex/latex/amsfonts/amsfonts.sty
Package: amsfonts 2013/01/14 v3.01 Basic AMSFonts support
\symAMSa=\mathgroup4
\symAMSb=\mathgroup5
LaTeX Font Info:    Redeclaring math symbol \hbar on input line 98.
LaTeX Font Info:    Overwriting math alphabet `\mathfrak' in version `bold'
(Font)                  U/euf/m/n --> U/euf/b/n on input line 106.
)) (/Users/trzmahhh/Library/TinyTeX/texmf-dist/tex/latex/base/fontenc.sty
Package: fontenc 2025/07/18 v2.1d Standard LaTeX package
) (/Users/trzmahhh/Library/TinyTeX/texmf-dist/tex/latex/base/inputenc.sty
Package: inputenc 2024/02/08 v1.3d Input encoding file
\inpenc@prehook=\toks24
\inpenc@posthook=\toks25
) (/Users/trzmahhh/Library/TinyTeX/texmf-dist/tex/latex/base/textcomp.sty
Package: textcomp 2024/04/24 v2.1b Standard LaTeX package
) (/Users/trzmahhh/Library/TinyTeX/texmf-dist/tex/latex/lm/lmodern.sty
Package: lmodern 2015/05/01 v1.6.1 Latin Modern Fonts
LaTeX Font Info:    Overwriting symbol font `operators' in version `normal'
(Font)                  OT1/cmr/m/n --> OT1/lmr/m/n on input line 22.
LaTeX Font Info:    Overwriting symbol font `letters' in version `normal'
(Font)                  OML/cmm/m/it --> OML/lmm/m/it on input line 23.
LaTeX Font Info:    Overwriting symbol font `symbols' in version `normal'
(Font)                  OMS/cmsy/m/n --> OMS/lmsy/m/n on input line 24.
LaTeX Font Info:    Overwriting symbol font `largesymbols' in version `normal'
(Font)                  OMX/cmex/m/n --> OMX/lmex/m/n on input line 25.
LaTeX Font Info:    Overwriting symbol font `operators' in version `bold'
(Font)                  OT1/cmr/bx/n --> OT1/lmr/bx/n on input line 26.
LaTeX Font Info:    Overwriting symbol font `letters' in version `bold'
(Font)                  OML/cmm/b/it --> OML/lmm/b/it on input line 27.
LaTeX Font Info:    Overwriting symbol font `symbols' in version `bold'
(Font)                  OMS/cmsy/b/n --> OMS/lmsy/b/n on input line 28.
LaTeX Font Info:    Overwriting symbol font `largesymbols' in version `bold'
(Font)                  OMX/cmex/m/n --> OMX/lmex/m/n on input line 29.
LaTeX Font Info:    Overwriting math alphabet `\mathbf' in version `normal'
(Font)                  OT1/cmr/bx/n --> OT1/lmr/bx/n on input line 31.
LaTeX Font Info:    Overwriting math alphabet `\mathsf' in version `normal'
(Font)                  OT1/cmss/m/n --> OT1/lmss/m/n on input line 32.
LaTeX Font Info:    Overwriting math alphabet `\mathit' in version `normal'
(Font)                  OT1/cmr/m/it --> OT1/lmr/m/it on input line 33.
LaTeX Font Info:    Overwriting math alphabet `\mathtt' in version `normal'
(Font)                  OT1/cmtt/m/n --> OT1/lmtt/m/n on input line 34.
LaTeX Font Info:    Overwriting math alphabet `\mathbf' in version `bold'
(Font)                  OT1/cmr/bx/n --> OT1/lmr/bx/n on input line 35.
LaTeX Font Info:    Overwriting math alphabet `\mathsf' in version `bold'
(Font)                  OT1/cmss/bx/n --> OT1/lmss/bx/n on input line 36.
LaTeX Font Info:    Overwriting math alphabet `\mathit' in version `bold'
(Font)                  OT1/cmr/bx/it --> OT1/lmr/bx/it on input line 37.
LaTeX Font Info:    Overwriting math alphabet `\mathtt' in version `bold'
(Font)                  OT1/cmtt/m/n --> OT1/lmtt/m/n on input line 38.
) (/Users/trzmahhh/Library/TinyTeX/texmf-dist/tex/latex/fancyvrb/fancyvrb.sty
Package: fancyvrb 2025/07/28 4.6 verbatim text (tvz,hv)
\FV@CodeLineNo=\count298
\FV@InFile=\read2
\FV@TabBox=\box55
\c@FancyVerbLine=\count299
\FV@StepNumber=\count300
\FV@OutFile=\write3
) (/Users/trzmahhh/Library/TinyTeX/texmf-dist/tex/latex/framed/framed.sty
Package: framed 2011/10/22 v 0.96: framed or shaded text with page breaks
\OuterFrameSep=\skip54
\fb@frw=\dimen166
\fb@frh=\dimen167
\FrameRule=\dimen168
\FrameSep=\dimen169
) (/Users/trzmahhh/Library/TinyTeX/texmf-dist/tex/latex/tools/longtable.sty
Package: longtable 2025-10-13 v4.24 Multi-page Table package (DPC)
\LTleft=\skip55
\LTright=\skip56
\LTpre=\skip57
\LTpost=\skip58
\LTchunksize=\count301
\LTcapwidth=\dimen170
\LT@head=\box56
\LT@firsthead=\box57
\LT@foot=\box58
\LT@lastfoot=\box59
\LT@gbox=\box60
\LT@cols=\count302
\LT@rows=\count303
\c@LT@tables=\count304
\c@LT@chunks=\count305
\LT@p@ftn=\toks26
) (/Users/trzmahhh/Library/TinyTeX/texmf-dist/tex/latex/booktabs/booktabs.sty
Package: booktabs 2020/01/12 v1.61803398 Publication quality tables
\heavyrulewidth=\dimen171
\lightrulewidth=\dimen172
\cmidrulewidth=\dimen173
\belowrulesep=\dimen174
\belowbottomsep=\dimen175
\aboverulesep=\dimen176
\abovetopsep=\dimen177
\cmidrulesep=\dimen178
\cmidrulekern=\dimen179
\defaultaddspace=\dimen180
\@cmidla=\count306
\@cmidlb=\count307
\@aboverulesep=\dimen181
\@belowrulesep=\dimen182
\@thisruleclass=\count308
\@lastruleclass=\count309
\@thisrulewidth=\dimen183
) (/Users/trzmahhh/Library/TinyTeX/texmf-dist/tex/latex/tools/array.sty
Package: array 2025/09/25 v2.6n Tabular extension package (FMi)
\col@sep=\dimen184
\ar@mcellbox=\box61
\extrarowheight=\dimen185
\NC@list=\toks27
\extratabsurround=\skip59
\backup@length=\skip60
\ar@cellbox=\box62
) (/Users/trzmahhh/Library/TinyTeX/texmf-dist/tex/latex/tools/calc.sty
Package: calc 2025/03/01 v4.3b Infix arithmetic (KKT,FJ)
\calc@Acount=\count310
\calc@Bcount=\count311
\calc@Adimen=\dimen186
\calc@Bdimen=\dimen187
\calc@Askip=\skip61
\calc@Bskip=\skip62
LaTeX Info: Redefining \setlength on input line 86.
LaTeX Info: Redefining \addtolength on input line 87.
\calc@Ccount=\count312
\calc@Cskip=\skip63
) (/Users/trzmahhh/Library/TinyTeX/texmf-dist/tex/latex/etoolbox/etoolbox.sty
Package: etoolbox 2025/10/02 v2.5m e-TeX tools for LaTeX (JAW)
\etb@tempcnta=\count313
) (/Users/trzmahhh/Library/TinyTeX/texmf-dist/tex/latex/mdwtools/footnote.sty
Package: footnote 1997/01/28 1.13 Save footnotes around boxes
\fn@notes=\box63
\fn@width=\dimen188
) (/Users/trzmahhh/Library/TinyTeX/texmf-dist/tex/latex/graphics/graphicx.sty
Package: graphicx 2024/12/31 v1.2e Enhanced LaTeX Graphics (DPC,SPQR)
(/Users/trzmahhh/Library/TinyTeX/texmf-dist/tex/latex/graphics/graphics.sty
Package: graphics 2024/08/06 v1.4g Standard LaTeX Graphics (DPC,SPQR)
(/Users/trzmahhh/Library/TinyTeX/texmf-dist/tex/latex/graphics/trig.sty
Package: trig 2023/12/02 v1.11 sin cos tan (DPC)
) (/Users/trzmahhh/Library/TinyTeX/texmf-dist/tex/latex/graphics-cfg/graphics.cfg
File: graphics.cfg 2016/06/04 v1.11 sample graphics configuration
)
Package graphics Info: Driver file: pdftex.def on input line 106.
)
\Gin@req@height=\dimen189
\Gin@req@width=\dimen190
)
\pandoc@box=\box64
(/Users/trzmahhh/Library/TinyTeX/texmf-dist/tex/latex/bookmark/bookmark.sty
Package: bookmark 2023-12-10 v1.31 PDF bookmarks (HO)
(/Users/trzmahhh/Library/TinyTeX/texmf-dist/tex/latex/hyperref/hyperref.sty
Package: hyperref 2025-07-12 v7.01o Hypertext links for LaTeX
(/Users/trzmahhh/Library/TinyTeX/texmf-dist/tex/latex/kvsetkeys/kvsetkeys.sty
Package: kvsetkeys 2022-10-05 v1.19 Key value parser (HO)
) (/Users/trzmahhh/Library/TinyTeX/texmf-dist/tex/generic/kvdefinekeys/kvdefinekeys.sty
Package: kvdefinekeys 2019-12-19 v1.6 Define keys (HO)
) (/Users/trzmahhh/Library/TinyTeX/texmf-dist/tex/generic/pdfescape/pdfescape.sty
Package: pdfescape 2019/12/09 v1.15 Implements pdfTeX's escape features (HO)
(/Users/trzmahhh/Library/TinyTeX/texmf-dist/tex/generic/ltxcmds/ltxcmds.sty
Package: ltxcmds 2023-12-04 v1.26 LaTeX kernel commands for general use (HO)
) (/Users/trzmahhh/Library/TinyTeX/texmf-dist/tex/generic/pdftexcmds/pdftexcmds.sty
Package: pdftexcmds 2020-06-27 v0.33 Utility functions of pdfTeX for LuaTeX (HO)
(/Users/trzmahhh/Library/TinyTeX/texmf-dist/tex/generic/infwarerr/infwarerr.sty
Package: infwarerr 2019/12/03 v1.5 Providing info/warning/error messages (HO)
)
Package pdftexcmds Info: \pdf@primitive is available.
Package pdftexcmds Info: \pdf@ifprimitive is available.
Package pdftexcmds Info: \pdfdraftmode found.
)) (/Users/trzmahhh/Library/TinyTeX/texmf-dist/tex/latex/hycolor/hycolor.sty
Package: hycolor 2020-01-27 v1.10 Color options for hyperref/bookmark (HO)
) (/Users/trzmahhh/Library/TinyTeX/texmf-dist/tex/latex/hyperref/nameref.sty
Package: nameref 2025-06-21 v2.57 Cross-referencing by name of section
(/Users/trzmahhh/Library/TinyTeX/texmf-dist/tex/latex/refcount/refcount.sty
Package: refcount 2019/12/15 v3.6 Data extraction from label references (HO)
) (/Users/trzmahhh/Library/TinyTeX/texmf-dist/tex/generic/gettitlestring/gettitlestring.sty
Package: gettitlestring 2019/12/15 v1.6 Cleanup title references (HO)
(/Users/trzmahhh/Library/TinyTeX/texmf-dist/tex/latex/kvoptions/kvoptions.sty
Package: kvoptions 2022-06-15 v3.15 Key value format for package options (HO)
))
\c@section@level=\count314
) (/Users/trzmahhh/Library/TinyTeX/texmf-dist/tex/generic/stringenc/stringenc.sty
Package: stringenc 2019/11/29 v1.12 Convert strings between diff. encodings (HO)
)
\@linkdim=\dimen191
\Hy@linkcounter=\count315
\Hy@pagecounter=\count316
(/Users/trzmahhh/Library/TinyTeX/texmf-dist/tex/latex/hyperref/pd1enc.def
File: pd1enc.def 2025-07-12 v7.01o Hyperref: PDFDocEncoding definition (HO)
Now handling font encoding PD1 ...
... no UTF-8 mapping file for font encoding PD1
) (/Users/trzmahhh/Library/TinyTeX/texmf-dist/tex/generic/intcalc/intcalc.sty
Package: intcalc 2019/12/15 v1.3 Expandable calculations with integers (HO)
)
\Hy@SavedSpaceFactor=\count317
(/Users/trzmahhh/Library/TinyTeX/texmf-dist/tex/latex/hyperref/puenc.def
File: puenc.def 2025-07-12 v7.01o Hyperref: PDF Unicode definition (HO)
Now handling font encoding PU ...
... no UTF-8 mapping file for font encoding PU
)
Package hyperref Info: Option `unicode' set `true' on input line 4066.
Package hyperref Info: Hyper figures OFF on input line 4195.
Package hyperref Info: Link nesting OFF on input line 4200.
Package hyperref Info: Hyper index ON on input line 4203.
Package hyperref Info: Plain pages OFF on input line 4210.
Package hyperref Info: Backreferencing OFF on input line 4215.
Package hyperref Info: Implicit mode ON; LaTeX internals redefined.
Package hyperref Info: Bookmarks ON on input line 4462.
\c@Hy@tempcnt=\count318
(/Users/trzmahhh/Library/TinyTeX/texmf-dist/tex/latex/url/url.sty
\Urlmuskip=\muskip18
Package: url 2013/09/16  ver 3.4  Verb mode for urls, etc.
)
LaTeX Info: Redefining \url on input line 4801.
\XeTeXLinkMargin=\dimen192
(/Users/trzmahhh/Library/TinyTeX/texmf-dist/tex/generic/bitset/bitset.sty
Package: bitset 2019/12/09 v1.3 Handle bit-vector datatype (HO)
(/Users/trzmahhh/Library/TinyTeX/texmf-dist/tex/generic/bigintcalc/bigintcalc.sty
Package: bigintcalc 2019/12/15 v1.5 Expandable calculations on big integers (HO)
))
\Fld@menulength=\count319
\Field@Width=\dimen193
\Fld@charsize=\dimen194
Package hyperref Info: Hyper figures OFF on input line 6078.
Package hyperref Info: Link nesting OFF on input line 6083.
Package hyperref Info: Hyper index ON on input line 6086.
Package hyperref Info: backreferencing OFF on input line 6093.
Package hyperref Info: Link coloring OFF on input line 6098.
Package hyperref Info: Link coloring with OCG OFF on input line 6103.
Package hyperref Info: PDF/A mode OFF on input line 6108.
\Hy@abspage=\count320
\c@Item=\count321
\c@Hfootnote=\count322
)
Package hyperref Info: Driver (autodetected): hpdftex.
(/Users/trzmahhh/Library/TinyTeX/texmf-dist/tex/latex/hyperref/hpdftex.def
File: hpdftex.def 2025-07-12 v7.01o Hyperref driver for pdfTeX
\Fld@listcount=\count323
\c@bookmark@seq@number=\count324
(/Users/trzmahhh/Library/TinyTeX/texmf-dist/tex/latex/rerunfilecheck/rerunfilecheck.sty
Package: rerunfilecheck 2025-06-21 v1.11 Rerun checks for auxiliary files (HO)
(/Users/trzmahhh/Library/TinyTeX/texmf-dist/tex/generic/uniquecounter/uniquecounter.sty
Package: uniquecounter 2019/12/15 v1.4 Provide unlimited unique counter (HO)
)
Package uniquecounter Info: New unique counter `rerunfilecheck' on input line 284.
)
\Hy@SectionHShift=\skip64
) (/Users/trzmahhh/Library/TinyTeX/texmf-dist/tex/latex/bookmark/bkm-pdftex.def
File: bkm-pdftex.def 2023-12-10 v1.31 bookmark driver for pdfTeX and luaTeX (HO)
\BKM@id=\count325
))
LaTeX Font Info:    Trying to load font information for T1+lmr on input line 128.
(/Users/trzmahhh/Library/TinyTeX/texmf-dist/tex/latex/lm/t1lmr.fd
File: t1lmr.fd 2015/05/01 v1.6.1 Font defs for Latin Modern
) (/Users/trzmahhh/Library/TinyTeX/texmf-dist/tex/latex/l3backend/l3backend-pdftex.def
File: l3backend-pdftex.def 2025-10-09 L3 backend support: PDF output (pdfTeX)
\l__color_backend_stack_int=\count326
) (./_main.aux)
\openout1 = `_main.aux'.

LaTeX Font Info:    Checking defaults for OML/cmm/m/it on input line 128.
LaTeX Font Info:    ... okay on input line 128.
LaTeX Font Info:    Checking defaults for OMS/cmsy/m/n on input line 128.
LaTeX Font Info:    ... okay on input line 128.
LaTeX Font Info:    Checking defaults for OT1/cmr/m/n on input line 128.
LaTeX Font Info:    ... okay on input line 128.
LaTeX Font Info:    Checking defaults for T1/cmr/m/n on input line 128.
LaTeX Font Info:    ... okay on input line 128.
LaTeX Font Info:    Checking defaults for TS1/cmr/m/n on input line 128.
LaTeX Font Info:    ... okay on input line 128.
LaTeX Font Info:    Checking defaults for OMX/cmex/m/n on input line 128.
LaTeX Font Info:    ... okay on input line 128.
LaTeX Font Info:    Checking defaults for U/cmr/m/n on input line 128.
LaTeX Font Info:    ... okay on input line 128.
LaTeX Font Info:    Checking defaults for PD1/pdf/m/n on input line 128.
LaTeX Font Info:    ... okay on input line 128.
LaTeX Font Info:    Checking defaults for PU/pdf/m/n on input line 128.
LaTeX Font Info:    ... okay on input line 128.
(/Users/trzmahhh/Library/TinyTeX/texmf-dist/tex/latex/epstopdf-pkg/epstopdf-base.sty
Package: epstopdf-base 2020-01-24 v2.11 Base part for package epstopdf
Package epstopdf-base Info: Redefining graphics rule for `.eps' on input line 485.
(/Users/trzmahhh/Library/TinyTeX/texmf-dist/tex/latex/latexconfig/epstopdf-sys.cfg
File: epstopdf-sys.cfg 2010/07/13 v1.3 Configuration of (r)epstopdf for TeX Live
))
*geometry* driver: auto-detecting
*geometry* detected driver: pdftex
*geometry* verbose mode - [ preamble ] result:
* driver: pdftex
* paper: <default>
* layout: <same size as paper>
* layoutoffset:(h,v)=(0.0pt,0.0pt)
* modes: 
* h-part:(L,W,R)=(72.26999pt, 469.75502pt, 72.26999pt)
* v-part:(T,H,B)=(72.26999pt, 650.43001pt, 72.26999pt)
* \paperwidth=614.295pt
* \paperheight=794.96999pt
* \textwidth=469.75502pt
* \textheight=650.43001pt
* \oddsidemargin=0.0pt
* \evensidemargin=0.0pt
* \topmargin=-37.0pt
* \headheight=12.0pt
* \headsep=25.0pt
* \topskip=10.0pt
* \footskip=30.0pt
* \marginparwidth=65.0pt
* \marginparsep=11.0pt
* \columnsep=10.0pt
* \skip\footins=9.0pt plus 4.0pt minus 2.0pt
* \hoffset=0.0pt
* \voffset=0.0pt
* \mag=1000
* \@twocolumnfalse
* \@twosidefalse
* \@mparswitchfalse
* \@reversemarginfalse
* (1in=72.27pt=25.4mm, 1cm=28.453pt)

Package hyperref Info: Link coloring OFF on input line 128.
LaTeX Font Info:    Trying to load font information for OT1+lmr on input line 130.
(/Users/trzmahhh/Library/TinyTeX/texmf-dist/tex/latex/lm/ot1lmr.fd
File: ot1lmr.fd 2015/05/01 v1.6.1 Font defs for Latin Modern
)
LaTeX Font Info:    Trying to load font information for OML+lmm on input line 130.
(/Users/trzmahhh/Library/TinyTeX/texmf-dist/tex/latex/lm/omllmm.fd
File: omllmm.fd 2015/05/01 v1.6.1 Font defs for Latin Modern
)
LaTeX Font Info:    Trying to load font information for OMS+lmsy on input line 130.
(/Users/trzmahhh/Library/TinyTeX/texmf-dist/tex/latex/lm/omslmsy.fd
File: omslmsy.fd 2015/05/01 v1.6.1 Font defs for Latin Modern
)
LaTeX Font Info:    Trying to load font information for OMX+lmex on input line 130.
(/Users/trzmahhh/Library/TinyTeX/texmf-dist/tex/latex/lm/omxlmex.fd
File: omxlmex.fd 2015/05/01 v1.6.1 Font defs for Latin Modern
)
LaTeX Font Info:    External font `lmex10' loaded for size
(Font)              <12> on input line 130.
LaTeX Font Info:    External font `lmex10' loaded for size
(Font)              <8> on input line 130.
LaTeX Font Info:    External font `lmex10' loaded for size
(Font)              <6> on input line 130.
LaTeX Font Info:    Trying to load font information for U+msa on input line 130.
(/Users/trzmahhh/Library/TinyTeX/texmf-dist/tex/latex/amsfonts/umsa.fd
File: umsa.fd 2013/01/14 v3.01 AMS symbols A
)
LaTeX Font Info:    Trying to load font information for U+msb on input line 130.
(/Users/trzmahhh/Library/TinyTeX/texmf-dist/tex/latex/amsfonts/umsb.fd
File: umsb.fd 2013/01/14 v3.01 AMS symbols B
) (./_main.toc
LaTeX Font Info:    External font `lmex10' loaded for size
(Font)              <10> on input line 1.
LaTeX Font Info:    External font `lmex10' loaded for size
(Font)              <7> on input line 1.
LaTeX Font Info:    External font `lmex10' loaded for size
(Font)              <5> on input line 1.
)
\tf@toc=\write4
\openout4 = `_main.toc'.

LaTeX Font Info:    Trying to load font information for T1+lmtt on input line 136.
(/Users/trzmahhh/Library/TinyTeX/texmf-dist/tex/latex/lm/t1lmtt.fd
File: t1lmtt.fd 2015/05/01 v1.6.1 Font defs for Latin Modern
)
LaTeX Font Info:    Font shape `T1/lmtt/bx/n' in size <10> not available
(Font)              Font shape `T1/lmtt/b/n' tried instead on input line 143.
LaTeX Font Info:    Trying to load font information for TS1+lmtt on input line 145.
(/Users/trzmahhh/Library/TinyTeX/texmf-dist/tex/latex/lm/ts1lmtt.fd
File: ts1lmtt.fd 2015/05/01 v1.6.1 Font defs for Latin Modern
)
Overfull \hbox (286.24278pt too wide) in paragraph at lines 162--162
[]\T1/lmtt/m/n/10 ## -- Attaching core tidyverse packages ------------------------------------------------------------------------------------- tidyverse 2.0.0 --[] 
 []

[1

{/Users/trzmahhh/Library/TinyTeX/texmf-var/fonts/map/pdftex/updmap/pdftex.map}{/Users/trzmahhh/Library/TinyTeX/texmf-dist/fonts/enc/dvips/lm/lm-ec.enc}{/Users/trzmahhh/Library/TinyTeX/texmf-dist/fonts/enc/dvips/lm/lm-ts1.enc}]
Overfull \hbox (286.24278pt too wide) in paragraph at lines 162--162
[]\T1/lmtt/m/n/10 ## -- Conflicts ------------------------------------------------------------------------------------------------------- tidyverse_conflicts() --[] 
 []


Overfull \hbox (76.2434pt too wide) in paragraph at lines 162--162
[]\T1/lmtt/m/n/10 ## i Use the conflicted package (<http://conflicted.r-lib.org/>) to force all conflicts to become errors[] 
 []

LaTeX Font Info:    Trying to load font information for TS1+lmr on input line 205.
(/Users/trzmahhh/Library/TinyTeX/texmf-dist/tex/latex/lm/ts1lmr.fd
File: ts1lmr.fd 2015/05/01 v1.6.1 Font defs for Latin Modern
) [2] [3]
Overfull \hbox (28.99353pt too wide) in paragraph at lines 324--324
[]\T1/lmtt/m/n/10 ## Warning: One or more parsing issues, call `problems()` on your data frame for details, e.g.:[] 
 []


Overfull \hbox (280.9928pt too wide) in paragraph at lines 349--349
[]\T1/lmtt/m/n/10 ##    Basin Number NameYear Name    ObservYear Month   Day  Hour Minute Identifier status latitude longitude max_wind min_pressure NE_extend_34[] 
 []


Overfull \hbox (280.9928pt too wide) in paragraph at lines 349--349
[]\T1/lmtt/m/n/10 ##    <chr>  <int>    <int> <chr>        <int> <int> <int> <int>  <int> <chr>      <chr>  <chr>    <chr>        <dbl>        <dbl>        <dbl>[] 
 []


Overfull \hbox (280.9928pt too wide) in paragraph at lines 349--349
[]\T1/lmtt/m/n/10 ##  1 AL01      18       51 UNNAMED       1851     6    25     0      0 <NA>       HU     28.0N    94.8W           80           NA           NA[] 
 []


Overfull \hbox (280.9928pt too wide) in paragraph at lines 349--349
[]\T1/lmtt/m/n/10 ##  2 AL01      18       51 UNNAMED       1851     6    25     6      0 <NA>       HU     28.0N    95.4W           80           NA           NA[] 
 []


Overfull \hbox (280.9928pt too wide) in paragraph at lines 349--349
[]\T1/lmtt/m/n/10 ##  3 AL01      18       51 UNNAMED       1851     6    25    12      0 <NA>       HU     28.0N    96.0W           80           NA           NA[] 
 []


Overfull \hbox (280.9928pt too wide) in paragraph at lines 349--349
[]\T1/lmtt/m/n/10 ##  4 AL01      18       51 UNNAMED       1851     6    25    18      0 <NA>       HU     28.1N    96.5W           80           NA           NA[] 
 []


Overfull \hbox (280.9928pt too wide) in paragraph at lines 349--349
[]\T1/lmtt/m/n/10 ##  5 AL01      18       51 UNNAMED       1851     6    25    21      0 L          HU     28.2N    96.8W           80           NA           NA[] 
 []


Overfull \hbox (280.9928pt too wide) in paragraph at lines 349--349
[]\T1/lmtt/m/n/10 ##  6 AL01      18       51 UNNAMED       1851     6    26     0      0 <NA>       HU     28.2N    97.0W           70           NA           NA[] 
 []


Overfull \hbox (280.9928pt too wide) in paragraph at lines 349--349
[]\T1/lmtt/m/n/10 ##  7 AL01      18       51 UNNAMED       1851     6    26     6      0 <NA>       TS     28.3N    97.6W           60           NA           NA[] 
 []


Overfull \hbox (280.9928pt too wide) in paragraph at lines 349--349
[]\T1/lmtt/m/n/10 ##  8 AL01      18       51 UNNAMED       1851     6    26    12      0 <NA>       TS     28.4N    98.3W           60           NA           NA[] 
 []


Overfull \hbox (280.9928pt too wide) in paragraph at lines 349--349
[]\T1/lmtt/m/n/10 ##  9 AL01      18       51 UNNAMED       1851     6    26    18      0 <NA>       TS     28.6N    98.9W           50           NA           NA[] 
 []


Overfull \hbox (280.9928pt too wide) in paragraph at lines 349--349
[]\T1/lmtt/m/n/10 ## 10 AL01      18       51 UNNAMED       1851     6    27     0      0 <NA>       TS     29.0N    99.4W           50           NA           NA[] 
 []


Overfull \hbox (186.49307pt too wide) in paragraph at lines 349--349
[]\T1/lmtt/m/n/10 ## # i 12 more variables: SE_extend_34 <dbl>, SW_extend_34 <dbl>, NW_extend_34 <dbl>, NE_extend_50 <dbl>, SE_extend_50 <dbl>,[] 
 []


Overfull \hbox (280.9928pt too wide) in paragraph at lines 349--349
[]\T1/lmtt/m/n/10 ## #   SW_extend_50 <dbl>, NW_extend_50 <dbl>, NE_extend_64 <dbl>, SE_extend_64 <dbl>, SW_extend_64 <dbl>, NW_extend_64 <dbl>, r_max_wind <dbl>[] 
 []

[4]
Overfull \hbox (49.99347pt too wide) in paragraph at lines 365--365
[]\T1/lmtt/m/n/10 ## Warning in file(filename, "r"): cannot open file 'tests/at_cyclone.R': No such file or directory[] 
 []

[5]
Overfull \hbox (28.99353pt too wide) in paragraph at lines 434--434
[]\T1/lmtt/m/n/10 ## Warning: One or more parsing issues, call `problems()` on your data frame for details, e.g.:[] 
 []


Overfull \hbox (280.9928pt too wide) in paragraph at lines 459--459
[]\T1/lmtt/m/n/10 ##    Basin Number NameYear Name    ObservYear Month   Day  Hour Minute Identifier status latitude longitude max_wind min_pressure NE_extend_34[] 
 []


Overfull \hbox (280.9928pt too wide) in paragraph at lines 459--459
[]\T1/lmtt/m/n/10 ##    <chr>  <int>    <int> <chr>        <int> <int> <int> <int>  <int> <chr>      <chr>  <chr>    <chr>        <dbl>        <dbl>        <dbl>[] 
 []


Overfull \hbox (280.9928pt too wide) in paragraph at lines 459--459
[]\T1/lmtt/m/n/10 ##  1 EP01      19       49 UNNAMED       1949     6    11     0      0 <NA>       TS     20.2N    106.3W          45           NA           NA[] 
 []


Overfull \hbox (280.9928pt too wide) in paragraph at lines 459--459
[]\T1/lmtt/m/n/10 ##  2 EP01      19       49 UNNAMED       1949     6    11     6      0 <NA>       TS     20.2N    106.4W          45           NA           NA[] 
 []


Overfull \hbox (280.9928pt too wide) in paragraph at lines 459--459
[]\T1/lmtt/m/n/10 ##  3 EP01      19       49 UNNAMED       1949     6    11    12      0 <NA>       TS     20.2N    106.7W          45           NA           NA[] 
 []


Overfull \hbox (280.9928pt too wide) in paragraph at lines 459--459
[]\T1/lmtt/m/n/10 ##  4 EP01      19       49 UNNAMED       1949     6    11    18      0 <NA>       TS     20.3N    107.7W          45           NA           NA[] 
 []


Overfull \hbox (280.9928pt too wide) in paragraph at lines 459--459
[]\T1/lmtt/m/n/10 ##  5 EP01      19       49 UNNAMED       1949     6    12     0      0 <NA>       TS     20.4N    108.6W          45           NA           NA[] 
 []


Overfull \hbox (280.9928pt too wide) in paragraph at lines 459--459
[]\T1/lmtt/m/n/10 ##  6 EP01      19       49 UNNAMED       1949     6    12     6      0 <NA>       TS     20.5N    109.4W          45           NA           NA[] 
 []


Overfull \hbox (280.9928pt too wide) in paragraph at lines 459--459
[]\T1/lmtt/m/n/10 ##  7 EP01      19       49 UNNAMED       1949     6    12    12      0 <NA>       TS     20.6N    110.2W          45           NA           NA[] 
 []


Overfull \hbox (280.9928pt too wide) in paragraph at lines 459--459
[]\T1/lmtt/m/n/10 ##  8 EP02      19       49 UNNAMED       1949     6    17    12      0 <NA>       TS     14.1N    107.0W          45           NA           NA[] 
 []


Overfull \hbox (280.9928pt too wide) in paragraph at lines 459--459
[]\T1/lmtt/m/n/10 ##  9 EP02      19       49 UNNAMED       1949     6    17    18      0 <NA>       TS     14.6N    107.7W          45           NA           NA[] 
 []


Overfull \hbox (280.9928pt too wide) in paragraph at lines 459--459
[]\T1/lmtt/m/n/10 ## 10 EP02      19       49 UNNAMED       1949     6    18     0      0 <NA>       TS     15.0N    108.4W          45           NA           NA[] 
 []


Overfull \hbox (186.49307pt too wide) in paragraph at lines 459--459
[]\T1/lmtt/m/n/10 ## # i 12 more variables: SE_extend_34 <dbl>, SW_extend_34 <dbl>, NW_extend_34 <dbl>, NE_extend_50 <dbl>, SE_extend_50 <dbl>,[] 
 []


Overfull \hbox (280.9928pt too wide) in paragraph at lines 459--459
[]\T1/lmtt/m/n/10 ## #   SW_extend_50 <dbl>, NW_extend_50 <dbl>, NE_extend_64 <dbl>, SE_extend_64 <dbl>, SW_extend_64 <dbl>, NW_extend_64 <dbl>, r_max_wind <dbl>[] 
 []


Overfull \hbox (280.9928pt too wide) in paragraph at lines 484--484
[]\T1/lmtt/m/n/10 ##    Basin Number NameYear Name    ObservYear Month   Day  Hour Minute Identifier status latitude longitude max_wind min_pressure NE_extend_34[] 
 []


Overfull \hbox (280.9928pt too wide) in paragraph at lines 484--484
[]\T1/lmtt/m/n/10 ##    <chr>  <int>    <int> <chr>        <int> <int> <int> <int>  <int> <chr>      <chr>  <chr>    <chr>        <dbl>        <dbl>        <dbl>[] 
 []


Overfull \hbox (280.9928pt too wide) in paragraph at lines 484--484
[]\T1/lmtt/m/n/10 ##  1 EP01      19       49 UNNAMED       1949     6    11     0      0 <NA>       TS     20.2N    106.3W          45           NA           NA[] 
 []


Overfull \hbox (280.9928pt too wide) in paragraph at lines 484--484
[]\T1/lmtt/m/n/10 ##  2 EP01      19       49 UNNAMED       1949     6    11     6      0 <NA>       TS     20.2N    106.4W          45           NA           NA[] 
 []


Overfull \hbox (280.9928pt too wide) in paragraph at lines 484--484
[]\T1/lmtt/m/n/10 ##  3 EP01      19       49 UNNAMED       1949     6    11    12      0 <NA>       TS     20.2N    106.7W          45           NA           NA[] 
 []


Overfull \hbox (280.9928pt too wide) in paragraph at lines 484--484
[]\T1/lmtt/m/n/10 ##  4 EP01      19       49 UNNAMED       1949     6    11    18      0 <NA>       TS     20.3N    107.7W          45           NA           NA[] 
 []


Overfull \hbox (280.9928pt too wide) in paragraph at lines 484--484
[]\T1/lmtt/m/n/10 ##  5 EP01      19       49 UNNAMED       1949     6    12     0      0 <NA>       TS     20.4N    108.6W          45           NA           NA[] 
 []


Overfull \hbox (280.9928pt too wide) in paragraph at lines 484--484
[]\T1/lmtt/m/n/10 ##  6 EP01      19       49 UNNAMED       1949     6    12     6      0 <NA>       TS     20.5N    109.4W          45           NA           NA[] 
 []


Overfull \hbox (280.9928pt too wide) in paragraph at lines 484--484
[]\T1/lmtt/m/n/10 ##  7 EP01      19       49 UNNAMED       1949     6    12    12      0 <NA>       TS     20.6N    110.2W          45           NA           NA[] 
 []


Overfull \hbox (280.9928pt too wide) in paragraph at lines 484--484
[]\T1/lmtt/m/n/10 ##  8 EP02      19       49 UNNAMED       1949     6    17    12      0 <NA>       TS     14.1N    107.0W          45           NA           NA[] 
 []


Overfull \hbox (280.9928pt too wide) in paragraph at lines 484--484
[]\T1/lmtt/m/n/10 ##  9 EP02      19       49 UNNAMED       1949     6    17    18      0 <NA>       TS     14.6N    107.7W          45           NA           NA[] 
 []


Overfull \hbox (280.9928pt too wide) in paragraph at lines 484--484
[]\T1/lmtt/m/n/10 ## 10 EP02      19       49 UNNAMED       1949     6    18     0      0 <NA>       TS     15.0N    108.4W          45           NA           NA[] 
 []


Overfull \hbox (186.49307pt too wide) in paragraph at lines 484--484
[]\T1/lmtt/m/n/10 ## # i 12 more variables: SE_extend_34 <dbl>, SW_extend_34 <dbl>, NW_extend_34 <dbl>, NE_extend_50 <dbl>, SE_extend_50 <dbl>,[] 
 []


Overfull \hbox (280.9928pt too wide) in paragraph at lines 484--484
[]\T1/lmtt/m/n/10 ## #   SW_extend_50 <dbl>, NW_extend_50 <dbl>, NE_extend_64 <dbl>, SE_extend_64 <dbl>, SW_extend_64 <dbl>, NW_extend_64 <dbl>, r_max_wind <dbl>[] 
 []

[6]
Overfull \hbox (49.99347pt too wide) in paragraph at lines 494--494
[]\T1/lmtt/m/n/10 ## Warning in file(filename, "r"): cannot open file 'tests/np_cyclone.R': No such file or directory[] 
 []


Overfull \hbox (280.9928pt too wide) in paragraph at lines 532--532
[]\T1/lmtt/m/n/10 ##    Basin Number NameYear Name    ObservYear Month   Day  Hour Minute Identifier status latitude longitude max_wind min_pressure NE_extend_34[] 
 []


Overfull \hbox (280.9928pt too wide) in paragraph at lines 532--532
[]\T1/lmtt/m/n/10 ##    <chr>  <int>    <int> <chr>        <int> <int> <int> <int>  <int> <chr>      <chr>  <chr>    <chr>        <dbl>        <dbl>        <dbl>[] 
 []


Overfull \hbox (280.9928pt too wide) in paragraph at lines 532--532
[]\T1/lmtt/m/n/10 ##  1 AL01      18       51 UNNAMED       1851     6    25     0      0 <NA>       HU     28.0N    94.8W           80           NA           NA[] 
 []


Overfull \hbox (280.9928pt too wide) in paragraph at lines 532--532
[]\T1/lmtt/m/n/10 ##  2 AL01      18       51 UNNAMED       1851     6    25     6      0 <NA>       HU     28.0N    95.4W           80           NA           NA[] 
 []


Overfull \hbox (280.9928pt too wide) in paragraph at lines 532--532
[]\T1/lmtt/m/n/10 ##  3 AL01      18       51 UNNAMED       1851     6    25    12      0 <NA>       HU     28.0N    96.0W           80           NA           NA[] 
 []


Overfull \hbox (280.9928pt too wide) in paragraph at lines 532--532
[]\T1/lmtt/m/n/10 ##  4 AL01      18       51 UNNAMED       1851     6    25    18      0 <NA>       HU     28.1N    96.5W           80           NA           NA[] 
 []


Overfull \hbox (280.9928pt too wide) in paragraph at lines 532--532
[]\T1/lmtt/m/n/10 ##  5 AL01      18       51 UNNAMED       1851     6    25    21      0 L          HU     28.2N    96.8W           80           NA           NA[] 
 []


Overfull \hbox (280.9928pt too wide) in paragraph at lines 532--532
[]\T1/lmtt/m/n/10 ##  6 AL01      18       51 UNNAMED       1851     6    26     0      0 <NA>       HU     28.2N    97.0W           70           NA           NA[] 
 []


Overfull \hbox (280.9928pt too wide) in paragraph at lines 532--532
[]\T1/lmtt/m/n/10 ##  7 AL01      18       51 UNNAMED       1851     6    26     6      0 <NA>       TS     28.3N    97.6W           60           NA           NA[] 
 []


Overfull \hbox (280.9928pt too wide) in paragraph at lines 532--532
[]\T1/lmtt/m/n/10 ##  8 AL01      18       51 UNNAMED       1851     6    26    12      0 <NA>       TS     28.4N    98.3W           60           NA           NA[] 
 []


Overfull \hbox (280.9928pt too wide) in paragraph at lines 532--532
[]\T1/lmtt/m/n/10 ##  9 AL01      18       51 UNNAMED       1851     6    26    18      0 <NA>       TS     28.6N    98.9W           50           NA           NA[] 
 []


Overfull \hbox (280.9928pt too wide) in paragraph at lines 532--532
[]\T1/lmtt/m/n/10 ## 10 AL01      18       51 UNNAMED       1851     6    27     0      0 <NA>       TS     29.0N    99.4W           50           NA           NA[] 
 []


Overfull \hbox (186.49307pt too wide) in paragraph at lines 532--532
[]\T1/lmtt/m/n/10 ## # i 12 more variables: SE_extend_34 <dbl>, SW_extend_34 <dbl>, NW_extend_34 <dbl>, NE_extend_50 <dbl>, SE_extend_50 <dbl>,[] 
 []


Overfull \hbox (280.9928pt too wide) in paragraph at lines 532--532
[]\T1/lmtt/m/n/10 ## #   SW_extend_50 <dbl>, NW_extend_50 <dbl>, NE_extend_64 <dbl>, SE_extend_64 <dbl>, SW_extend_64 <dbl>, NW_extend_64 <dbl>, r_max_wind <dbl>[] 
 []


Overfull \hbox (112.99329pt too wide) in paragraph at lines 542--542
[]\T1/lmtt/m/n/10 ## Warning in file(filename, "r"): cannot open file 'tests/cyclones_data_update_1.R': No such file or directory[] 
 []

[7]
Overfull \hbox (70.99341pt too wide) in paragraph at lines 600--600
[]\T1/lmtt/m/n/10 ## Warning in file(filename, "r"): cannot open file 'tests/convert_latlon.R': No such file or directory[] 
 []

[8]
Overfull \hbox (280.9928pt too wide) in paragraph at lines 651--651
[]\T1/lmtt/m/n/10 ##    Basin Number NameYear Name    ObservYear Month   Day  Hour Minute Identifier status latitude longitude max_wind min_pressure NE_extend_34[] 
 []


Overfull \hbox (280.9928pt too wide) in paragraph at lines 651--651
[]\T1/lmtt/m/n/10 ##    <chr>  <int>    <int> <chr>        <int> <int> <int> <int>  <int> <chr>      <chr>  <chr>    <chr>        <dbl>        <dbl>        <dbl>[] 
 []


Overfull \hbox (280.9928pt too wide) in paragraph at lines 651--651
[]\T1/lmtt/m/n/10 ##  1 AL01      18       51 UNNAMED       1851     6    25     0      0 <NA>       HU     28.0N    94.8W           80           NA           NA[] 
 []


Overfull \hbox (280.9928pt too wide) in paragraph at lines 651--651
[]\T1/lmtt/m/n/10 ##  2 AL01      18       51 UNNAMED       1851     6    25     6      0 <NA>       HU     28.0N    95.4W           80           NA           NA[] 
 []


Overfull \hbox (280.9928pt too wide) in paragraph at lines 651--651
[]\T1/lmtt/m/n/10 ##  3 AL01      18       51 UNNAMED       1851     6    25    12      0 <NA>       HU     28.0N    96.0W           80           NA           NA[] 
 []


Overfull \hbox (280.9928pt too wide) in paragraph at lines 651--651
[]\T1/lmtt/m/n/10 ##  4 AL01      18       51 UNNAMED       1851     6    25    18      0 <NA>       HU     28.1N    96.5W           80           NA           NA[] 
 []


Overfull \hbox (280.9928pt too wide) in paragraph at lines 651--651
[]\T1/lmtt/m/n/10 ##  5 AL01      18       51 UNNAMED       1851     6    25    21      0 L          HU     28.2N    96.8W           80           NA           NA[] 
 []


Overfull \hbox (280.9928pt too wide) in paragraph at lines 651--651
[]\T1/lmtt/m/n/10 ##  6 AL01      18       51 UNNAMED       1851     6    26     0      0 <NA>       HU     28.2N    97.0W           70           NA           NA[] 
 []


Overfull \hbox (280.9928pt too wide) in paragraph at lines 651--651
[]\T1/lmtt/m/n/10 ##  7 AL01      18       51 UNNAMED       1851     6    26     6      0 <NA>       TS     28.3N    97.6W           60           NA           NA[] 
 []


Overfull \hbox (280.9928pt too wide) in paragraph at lines 651--651
[]\T1/lmtt/m/n/10 ##  8 AL01      18       51 UNNAMED       1851     6    26    12      0 <NA>       TS     28.4N    98.3W           60           NA           NA[] 
 []


Overfull \hbox (280.9928pt too wide) in paragraph at lines 651--651
[]\T1/lmtt/m/n/10 ##  9 AL01      18       51 UNNAMED       1851     6    26    18      0 <NA>       TS     28.6N    98.9W           50           NA           NA[] 
 []


Overfull \hbox (280.9928pt too wide) in paragraph at lines 651--651
[]\T1/lmtt/m/n/10 ## 10 AL01      18       51 UNNAMED       1851     6    27     0      0 <NA>       TS     29.0N    99.4W           50           NA           NA[] 
 []


Overfull \hbox (186.49307pt too wide) in paragraph at lines 651--651
[]\T1/lmtt/m/n/10 ## # i 15 more variables: SE_extend_34 <dbl>, SW_extend_34 <dbl>, NW_extend_34 <dbl>, NE_extend_50 <dbl>, SE_extend_50 <dbl>,[] 
 []


Overfull \hbox (191.74306pt too wide) in paragraph at lines 651--651
[]\T1/lmtt/m/n/10 ## #   SW_extend_50 <dbl>, NW_extend_50 <dbl>, NE_extend_64 <dbl>, SE_extend_64 <dbl>, SW_extend_64 <dbl>, NW_extend_64 <dbl>,[] 
 []


Overfull \hbox (112.99329pt too wide) in paragraph at lines 661--661
[]\T1/lmtt/m/n/10 ## Warning in file(filename, "r"): cannot open file 'tests/cyclones_data_update_2.R': No such file or directory[] 
 []

[9]
Overfull \hbox (280.9928pt too wide) in paragraph at lines 716--716
[]\T1/lmtt/m/n/10 ##    Basin Number NameYear Name    ObservYear Month   Day  Hour Minute Identifier status latitude longitude max_wind min_pressure NE_extend_34[] 
 []


Overfull \hbox (280.9928pt too wide) in paragraph at lines 716--716
[]\T1/lmtt/m/n/10 ##    <chr>  <int>    <int> <chr>        <int> <int> <int> <int>  <int> <chr>      <chr>  <chr>    <chr>        <dbl>        <dbl>        <dbl>[] 
 []


Overfull \hbox (280.9928pt too wide) in paragraph at lines 716--716
[]\T1/lmtt/m/n/10 ##  1 AL01      18       51 UNNAMED       1851     6    25     0      0 <NA>       HU     28.0N    94.8W           80           NA           NA[] 
 []


Overfull \hbox (280.9928pt too wide) in paragraph at lines 716--716
[]\T1/lmtt/m/n/10 ##  2 AL01      18       51 UNNAMED       1851     6    25     6      0 <NA>       HU     28.0N    95.4W           80           NA           NA[] 
 []


Overfull \hbox (280.9928pt too wide) in paragraph at lines 716--716
[]\T1/lmtt/m/n/10 ##  3 AL01      18       51 UNNAMED       1851     6    25    12      0 <NA>       HU     28.0N    96.0W           80           NA           NA[] 
 []


Overfull \hbox (280.9928pt too wide) in paragraph at lines 716--716
[]\T1/lmtt/m/n/10 ##  4 AL01      18       51 UNNAMED       1851     6    25    18      0 <NA>       HU     28.1N    96.5W           80           NA           NA[] 
 []


Overfull \hbox (280.9928pt too wide) in paragraph at lines 716--716
[]\T1/lmtt/m/n/10 ##  5 AL01      18       51 UNNAMED       1851     6    25    21      0 L          HU     28.2N    96.8W           80           NA           NA[] 
 []


Overfull \hbox (280.9928pt too wide) in paragraph at lines 716--716
[]\T1/lmtt/m/n/10 ##  6 AL01      18       51 UNNAMED       1851     6    26     0      0 <NA>       HU     28.2N    97.0W           70           NA           NA[] 
 []


Overfull \hbox (280.9928pt too wide) in paragraph at lines 716--716
[]\T1/lmtt/m/n/10 ##  7 AL01      18       51 UNNAMED       1851     6    26     6      0 <NA>       TS     28.3N    97.6W           60           NA           NA[] 
 []


Overfull \hbox (280.9928pt too wide) in paragraph at lines 716--716
[]\T1/lmtt/m/n/10 ##  8 AL01      18       51 UNNAMED       1851     6    26    12      0 <NA>       TS     28.4N    98.3W           60           NA           NA[] 
 []


Overfull \hbox (280.9928pt too wide) in paragraph at lines 716--716
[]\T1/lmtt/m/n/10 ##  9 AL01      18       51 UNNAMED       1851     6    26    18      0 <NA>       TS     28.6N    98.9W           50           NA           NA[] 
 []


Overfull \hbox (280.9928pt too wide) in paragraph at lines 716--716
[]\T1/lmtt/m/n/10 ## 10 AL01      18       51 UNNAMED       1851     6    27     0      0 <NA>       TS     29.0N    99.4W           50           NA           NA[] 
 []


Overfull \hbox (186.49307pt too wide) in paragraph at lines 716--716
[]\T1/lmtt/m/n/10 ## # i 16 more variables: SE_extend_34 <dbl>, SW_extend_34 <dbl>, NW_extend_34 <dbl>, NE_extend_50 <dbl>, SE_extend_50 <dbl>,[] 
 []


Overfull \hbox (191.74306pt too wide) in paragraph at lines 716--716
[]\T1/lmtt/m/n/10 ## #   SW_extend_50 <dbl>, NW_extend_50 <dbl>, NE_extend_64 <dbl>, SE_extend_64 <dbl>, SW_extend_64 <dbl>, NW_extend_64 <dbl>,[] 
 []


Overfull \hbox (86.74336pt too wide) in paragraph at lines 726--726
[]\T1/lmtt/m/n/10 ## Warning in file(filename, "r"): cannot open file 'tests/cyclones_update_2.R': No such file or directory[] 
 []


Overfull \hbox (3.38333pt too wide) in paragraph at lines 736--737
\T1/lmr/m/n/10 Now that we have a suit-able data frame, save it as a par-quet file with the file name \T1/lmtt/m/n/10 "cyclones_data.parquet"\T1/lmr/m/n/10 . 
 []


Overfull \hbox (70.99341pt too wide) in paragraph at lines 753--753
[]\T1/lmtt/m/n/10 ## Warning in file(filename, "r"): cannot open file 'tests/write_cyclones.R': No such file or directory[] 
 []

[10] [11]
<_main_files/figure-latex/unnamed-chunk-18-1.pdf, id=111, 469.755pt x 325.215pt>
File: _main_files/figure-latex/unnamed-chunk-18-1.pdf Graphic file (type pdf)
<use _main_files/figure-latex/unnamed-chunk-18-1.pdf>
Package pdftex.def Info: _main_files/figure-latex/unnamed-chunk-18-1.pdf  used on input line 882.
(pdftex.def)             Requested size: 469.75386pt x 325.2142pt.
[12] [13 <./_main_files/figure-latex/unnamed-chunk-18-1.pdf>]
Overfull \hbox (86.74336pt too wide) in paragraph at lines 949--949
[]\T1/lmtt/m/n/10 ## Warning in file(filename, "r"): cannot open file 'tests/ice_extent_yearly.R': No such file or directory[] 
 []

<_main_files/figure-latex/plot_sea_ice_extent-1.pdf, id=128, 469.755pt x 325.215pt>
File: _main_files/figure-latex/plot_sea_ice_extent-1.pdf Graphic file (type pdf)
<use _main_files/figure-latex/plot_sea_ice_extent-1.pdf>
Package pdftex.def Info: _main_files/figure-latex/plot_sea_ice_extent-1.pdf  used on input line 972.
(pdftex.def)             Requested size: 469.75386pt x 325.2142pt.
[14]
Overfull \hbox (76.2434pt too wide) in paragraph at lines 991--991
[]\T1/lmtt/m/n/10 ## Warning in file(filename, "r"): cannot open file 'tests/sea_ice_parquet.R': No such file or directory[] 
 []

[15 <./_main_files/figure-latex/plot_sea_ice_extent-1.pdf>]
Overfull \hbox (65.74342pt too wide) in paragraph at lines 1058--1058
[]\T1/lmtt/m/n/10 ##    country                 aware_no aware_alittle aware_moderate aware_alot aware_refuse aware_base[] 
 []


Overfull \hbox (65.74342pt too wide) in paragraph at lines 1058--1058
[]\T1/lmtt/m/n/10 ##    <chr>                      <dbl>         <dbl>          <dbl>      <dbl>        <dbl>      <dbl>[] 
 []


Overfull \hbox (65.74342pt too wide) in paragraph at lines 1058--1058
[]\T1/lmtt/m/n/10 ##  1 Albania                     9.99          43.0           33.1      10.6         3.25         329[] 
 []


Overfull \hbox (65.74342pt too wide) in paragraph at lines 1058--1058
[]\T1/lmtt/m/n/10 ##  2 Algeria                    23.2           37.6           26.0      11.1         2.15        1066[] 
 []


Overfull \hbox (65.74342pt too wide) in paragraph at lines 1058--1058
[]\T1/lmtt/m/n/10 ##  3 Angola                     19.1           43.0           23.5      11.1         3.29         727[] 
 []


Overfull \hbox (65.74342pt too wide) in paragraph at lines 1058--1058
[]\T1/lmtt/m/n/10 ##  4 Argentina                   8.25          37.4           43.8       9.88        0.696       1257[] 
 []


Overfull \hbox (65.74342pt too wide) in paragraph at lines 1058--1058
[]\T1/lmtt/m/n/10 ##  5 Armenia                     9.18          51.4           25.8      11.4         2.14         306[] 
 []


Overfull \hbox (65.74342pt too wide) in paragraph at lines 1058--1058
[]\T1/lmtt/m/n/10 ##  6 Asian.&.Pacific.Islands    13.3           40.1           24.8      19.5         2.26        1916[] 
 []


Overfull \hbox (65.74342pt too wide) in paragraph at lines 1058--1058
[]\T1/lmtt/m/n/10 ##  7 Australia                   1.13          26.4           48.1      23.9         0.407       1012[] 
 []


Overfull \hbox (65.74342pt too wide) in paragraph at lines 1058--1058
[]\T1/lmtt/m/n/10 ##  8 Austria                     1.34          16.4           48.6      32.7         0.985       1120[] 
 []


Overfull \hbox (65.74342pt too wide) in paragraph at lines 1058--1058
[]\T1/lmtt/m/n/10 ##  9 Azerbaijan                  6.19          42.4           35.9      13.2         2.20         541[] 
 []


Overfull \hbox (65.74342pt too wide) in paragraph at lines 1058--1058
[]\T1/lmtt/m/n/10 ## 10 Bangladesh                 24.5           36.2           16.2      18.9         4.22         910[] 
 []

[16]
Overfull \hbox (223.24297pt too wide) in paragraph at lines 1109--1109
[]\T1/lmtt/m/n/10 ##    iso_code continent location    date       total_cases new_cases new_cases_smoothed total_deaths new_deaths new_deaths_smoothed[] 
 []


Overfull \hbox (223.24297pt too wide) in paragraph at lines 1109--1109
[]\T1/lmtt/m/n/10 ##    <chr>    <chr>     <chr>       <date>           <dbl>     <dbl>              <dbl>        <dbl>      <dbl>               <dbl>[] 
 []


Overfull \hbox (223.24297pt too wide) in paragraph at lines 1109--1109
[]\T1/lmtt/m/n/10 ##  1 AFG      Asia      Afghanistan 2020-01-05           0         0                 NA            0          0                  NA[] 
 []


Overfull \hbox (223.24297pt too wide) in paragraph at lines 1109--1109
[]\T1/lmtt/m/n/10 ##  2 AFG      Asia      Afghanistan 2020-01-06           0         0                 NA            0          0                  NA[] 
 []


Overfull \hbox (223.24297pt too wide) in paragraph at lines 1109--1109
[]\T1/lmtt/m/n/10 ##  3 AFG      Asia      Afghanistan 2020-01-07           0         0                 NA            0          0                  NA[] 
 []


Overfull \hbox (223.24297pt too wide) in paragraph at lines 1109--1109
[]\T1/lmtt/m/n/10 ##  4 AFG      Asia      Afghanistan 2020-01-08           0         0                 NA            0          0                  NA[] 
 []


Overfull \hbox (223.24297pt too wide) in paragraph at lines 1109--1109
[]\T1/lmtt/m/n/10 ##  5 AFG      Asia      Afghanistan 2020-01-09           0         0                 NA            0          0                  NA[] 
 []


Overfull \hbox (223.24297pt too wide) in paragraph at lines 1109--1109
[]\T1/lmtt/m/n/10 ##  6 AFG      Asia      Afghanistan 2020-01-10           0         0                  0            0          0                   0[] 
 []


Overfull \hbox (223.24297pt too wide) in paragraph at lines 1109--1109
[]\T1/lmtt/m/n/10 ##  7 AFG      Asia      Afghanistan 2020-01-11           0         0                  0            0          0                   0[] 
 []


Overfull \hbox (223.24297pt too wide) in paragraph at lines 1109--1109
[]\T1/lmtt/m/n/10 ##  8 AFG      Asia      Afghanistan 2020-01-12           0         0                  0            0          0                   0[] 
 []


Overfull \hbox (223.24297pt too wide) in paragraph at lines 1109--1109
[]\T1/lmtt/m/n/10 ##  9 AFG      Asia      Afghanistan 2020-01-13           0         0                  0            0          0                   0[] 
 []


Overfull \hbox (223.24297pt too wide) in paragraph at lines 1109--1109
[]\T1/lmtt/m/n/10 ## 10 AFG      Asia      Afghanistan 2020-01-14           0         0                  0            0          0                   0[] 
 []


Overfull \hbox (175.9931pt too wide) in paragraph at lines 1109--1109
[]\T1/lmtt/m/n/10 ## # i 57 more variables: total_cases_per_million <dbl>, new_cases_per_million <dbl>, new_cases_smoothed_per_million <dbl>,[] 
 []


Overfull \hbox (223.24297pt too wide) in paragraph at lines 1109--1109
[]\T1/lmtt/m/n/10 ## #   total_deaths_per_million <dbl>, new_deaths_per_million <dbl>, new_deaths_smoothed_per_million <dbl>, reproduction_rate <dbl>,[] 
 []


Overfull \hbox (270.49283pt too wide) in paragraph at lines 1109--1109
[]\T1/lmtt/m/n/10 ## #   icu_patients <dbl>, icu_patients_per_million <dbl>, hosp_patients <dbl>, hosp_patients_per_million <dbl>, weekly_icu_admissions <dbl>,[] 
 []


Overfull \hbox (254.74287pt too wide) in paragraph at lines 1109--1109
[]\T1/lmtt/m/n/10 ## #   weekly_icu_admissions_per_million <dbl>, weekly_hosp_admissions <dbl>, weekly_hosp_admissions_per_million <dbl>, total_tests <dbl>,[] 
 []


Overfull \hbox (112.99329pt too wide) in paragraph at lines 1109--1109
[]\T1/lmtt/m/n/10 ## #   new_tests <dbl>, total_tests_per_thousand <dbl>, new_tests_per_thousand <dbl>, new_tests_smoothed <dbl>,[] 
 []


Overfull \hbox (249.49289pt too wide) in paragraph at lines 1109--1109
[]\T1/lmtt/m/n/10 ## #   new_tests_smoothed_per_thousand <dbl>, positive_rate <dbl>, tests_per_case <dbl>, tests_units <chr>, total_vaccinations <dbl>, ...[] 
 []

[17]
Overfull \hbox (39.4935pt too wide) in paragraph at lines 1139--1139
[]\T1/lmtt/m/n/10 ## `summarise()` has grouped output by 'location'. You can override using the `.groups` argument.[] 
 []


Overfull \hbox (49.99347pt too wide) in paragraph at lines 1172--1172
[]\T1/lmtt/m/n/10 ## Warning in file(filename, "r"): cannot open file 'tests/covid_2020.R': No such file or directory[] 
 []


Overfull \hbox (91.99335pt too wide) in paragraph at lines 1195--1195
[]\T1/lmtt/m/n/10 ## Warning in file(filename, "r"): cannot open file 'tests/covid_2020_parquet.R': No such file or directory[] 
 []

[18]
Overfull \hbox (212.743pt too wide) in paragraph at lines 1271--1271
[]\T1/lmtt/m/n/10 ##   [1] "Aruba"                          "Afghanistan"                    "Andorra"                        "United Arab Emirates"[] 
 []


Overfull \hbox (170.74312pt too wide) in paragraph at lines 1271--1271
[]\T1/lmtt/m/n/10 ##   [5] "American Samoa"                 "Antigua and Barbuda"            "Burundi"                        "Burkina Faso"[] 
 []


Overfull \hbox (144.4932pt too wide) in paragraph at lines 1271--1271
[]\T1/lmtt/m/n/10 ##   [9] "Bahrain"                        "Bahamas, The"                   "Bosnia and Herzegovina"         "Belarus"[] 
 []


Overfull \hbox (149.74318pt too wide) in paragraph at lines 1271--1271
[]\T1/lmtt/m/n/10 ##  [13] "Belize"                         "Bermuda"                        "Bolivia"                        "Barbados"[] 
 []


Overfull \hbox (186.49307pt too wide) in paragraph at lines 1271--1271
[]\T1/lmtt/m/n/10 ##  [17] "Brunei Darussalam"              "Bhutan"                         "Central African Republic"       "Channel Islands"[] 
 []


Overfull \hbox (165.49313pt too wide) in paragraph at lines 1271--1271
[]\T1/lmtt/m/n/10 ##  [21] "China"                          "Cote d'Ivoire"                  "Congo, Dem. Rep."               "Congo, Rep."[] 
 []


Overfull \hbox (128.74324pt too wide) in paragraph at lines 1271--1271
[]\T1/lmtt/m/n/10 ##  [25] "Comoros"                        "Cabo Verde"                     "Costa Rica"                     "Cuba"[] 
 []


Overfull \hbox (149.74318pt too wide) in paragraph at lines 1271--1271
[]\T1/lmtt/m/n/10 ##  [29] "Curacao"                        "Cayman Islands"                 "Djibouti"                       "Dominica"[] 
 []


Overfull \hbox (144.4932pt too wide) in paragraph at lines 1271--1271
[]\T1/lmtt/m/n/10 ##  [33] "Dominican Republic"             "Egypt, Arab Rep."               "Eritrea"                        "Estonia"[] 
 []


Overfull \hbox (217.99298pt too wide) in paragraph at lines 1271--1271
[]\T1/lmtt/m/n/10 ##  [37] "Ethiopia"                       "Fiji"                           "Faroe Islands"                  "Micronesia, Fed. Sts."[] 
 []


Overfull \hbox (154.99316pt too wide) in paragraph at lines 1271--1271
[]\T1/lmtt/m/n/10 ##  [41] "Gabon"                          "United Kingdom"                 "Georgia"                        "Gibraltar"[] 
 []


Overfull \hbox (196.99304pt too wide) in paragraph at lines 1271--1271
[]\T1/lmtt/m/n/10 ##  [45] "Guinea"                         "Gambia, The"                    "Guinea-Bissau"                  "Equatorial Guinea"[] 
 []


Overfull \hbox (139.24321pt too wide) in paragraph at lines 1271--1271
[]\T1/lmtt/m/n/10 ##  [49] "Grenada"                        "Greenland"                      "Guam"                           "Guyana"[] 
 []


Overfull \hbox (144.4932pt too wide) in paragraph at lines 1271--1271
[]\T1/lmtt/m/n/10 ##  [53] "Hong Kong SAR, China"           "Isle of Man"                    "Iran, Islamic Rep."             "Iceland"[] 
 []


Overfull \hbox (207.49301pt too wide) in paragraph at lines 1271--1271
[]\T1/lmtt/m/n/10 ##  [57] "Kazakhstan"                     "Kyrgyz Republic"                "Kiribati"                       "St. Kitts and Nevis"[] 
 []


Overfull \hbox (154.99316pt too wide) in paragraph at lines 1271--1271
[]\T1/lmtt/m/n/10 ##  [61] "Korea, Rep."                    "Lao PDR"                        "Liberia"                        "St. Lucia"[] 
 []


Overfull \hbox (160.24315pt too wide) in paragraph at lines 1271--1271
[]\T1/lmtt/m/n/10 ##  [65] "Liechtenstein"                  "Sri Lanka"                      "Lesotho"                        "Luxembourg"[] 
 []


Overfull \hbox (139.24321pt too wide) in paragraph at lines 1271--1271
[]\T1/lmtt/m/n/10 ##  [69] "Latvia"                         "Macao SAR, China"               "St. Martin (French part)"       "Monaco"[] 
 []


Overfull \hbox (191.74306pt too wide) in paragraph at lines 1271--1271
[]\T1/lmtt/m/n/10 ##  [73] "Moldova"                        "Madagascar"                     "Maldives"                       "Marshall Islands"[] 
 []


Overfull \hbox (144.4932pt too wide) in paragraph at lines 1271--1271
[]\T1/lmtt/m/n/10 ##  [77] "North Macedonia"                "Mali"                           "Malta"                          "Myanmar"[] 
 []


Overfull \hbox (160.24315pt too wide) in paragraph at lines 1271--1271
[]\T1/lmtt/m/n/10 ##  [81] "Montenegro"                     "Mongolia"                       "Northern Mariana Islands"       "Mauritania"[] 
 []


Overfull \hbox (133.99323pt too wide) in paragraph at lines 1271--1271
[]\T1/lmtt/m/n/10 ##  [85] "Mauritius"                      "Namibia"                        "New Caledonia"                  "Niger"[] 
 []


Overfull \hbox (191.74306pt too wide) in paragraph at lines 1271--1271
[]\T1/lmtt/m/n/10 ##  [89] "Nauru"                          "New Zealand"                    "Palau"                          "Papua New Guinea"[] 
 []


Overfull \hbox (191.74306pt too wide) in paragraph at lines 1271--1271
[]\T1/lmtt/m/n/10 ##  [93] "Puerto Rico (US)"               "Korea, Dem. People's Rep."      "West Bank and Gaza"             "French Polynesia"[] 
 []


Overfull \hbox (133.99323pt too wide) in paragraph at lines 1271--1271
[]\T1/lmtt/m/n/10 ##  [97] "Russian Federation"             "Rwanda"                         "Saudi Arabia"                   "Sudan"[] 
 []


Overfull \hbox (160.24315pt too wide) in paragraph at lines 1271--1271
[]\T1/lmtt/m/n/10 ## [101] "Solomon Islands"                "Sierra Leone"                   "El Salvador"                    "San Marino"[] 
 []


Overfull \hbox (149.74318pt too wide) in paragraph at lines 1271--1271
[]\T1/lmtt/m/n/10 ## [105] "Somalia, Fed. Rep."             "South Sudan"                    "Sao Tome and Principe"          "Suriname"[] 
 []


Overfull \hbox (238.99292pt too wide) in paragraph at lines 1271--1271
[]\T1/lmtt/m/n/10 ## [109] "Slovak Republic"                "Slovenia"                       "Eswatini"                       "Sint Maarten (Dutch part)"[] 
 []


Overfull \hbox (128.74324pt too wide) in paragraph at lines 1271--1271
[]\T1/lmtt/m/n/10 ## [113] "Seychelles"                     "Syrian Arab Republic"           "Turks and Caicos Islands"       "Chad"[] 
 []


Overfull \hbox (165.49313pt too wide) in paragraph at lines 1271--1271
[]\T1/lmtt/m/n/10 ## [117] "Togo"                           "Tajikistan"                     "Turkmenistan"                   "Timor-Leste"[] 
 []


Overfull \hbox (139.24321pt too wide) in paragraph at lines 1271--1271
[]\T1/lmtt/m/n/10 ## [121] "Tonga"                          "Trinidad and Tobago"            "Turkiye"                        "Tuvalu"[] 
 []


Overfull \hbox (265.24284pt too wide) in paragraph at lines 1271--1271
[]\T1/lmtt/m/n/10 ## [125] "Uganda"                         "Ukraine"                        "United States"                  "St. Vincent and the Grenadines"[] 
 []


Overfull \hbox (149.74318pt too wide) in paragraph at lines 1271--1271
[]\T1/lmtt/m/n/10 ## [129] "Venezuela, RB"                  "British Virgin Islands"         "Virgin Islands (U.S.)"          "Viet Nam"[] 
 []


Overfull \hbox (170.74312pt too wide) in paragraph at lines 1271--1271
[]\T1/lmtt/m/n/10 ## [133] "Vanuatu"                        "Samoa"                          "Yemen, Rep."                    "South Africa"[] 
 []

[19]
Overfull \hbox (86.74336pt too wide) in paragraph at lines 1300--1300
[]\T1/lmtt/m/n/10 ##  [1] "Asian.&.Pacific.Islands"            "Bolivia.(Plurinational.State.of)"   "Bosnia.and.Herzegovina"[] 
 []


Overfull \hbox (149.74318pt too wide) in paragraph at lines 1300--1300
[]\T1/lmtt/m/n/10 ##  [4] "Burkina.Faso"                       "Caribbean"                          "Congo.(Democratic.Republic.of.the)"[] 
 []


Overfull \hbox (65.74342pt too wide) in paragraph at lines 1300--1300
[]\T1/lmtt/m/n/10 ##  [7] "Costa.Rica"                         "Cote.d'Ivoire"                      "Dominican.Republic"[] 
 []


Overfull \hbox (18.49356pt too wide) in paragraph at lines 1300--1300
[]\T1/lmtt/m/n/10 ## [10] "Egypt"                              "El.Salvador"                        "Hong.Kong"[] 
 []


Overfull \hbox (49.99347pt too wide) in paragraph at lines 1300--1300
[]\T1/lmtt/m/n/10 ## [13] "Lao.People's.Democratic.Republic"   "New.Zealand"                        "North.MAcedonia"[] 
 []


Overfull \hbox (13.24358pt too wide) in paragraph at lines 1300--1300
[]\T1/lmtt/m/n/10 ## [16] "Puerto.Rico"                        "Saudi.Arabia"                       "Slovakia"[] 
 []


Overfull \hbox (18.49356pt too wide) in paragraph at lines 1300--1300
[]\T1/lmtt/m/n/10 ## [19] "South.Africa"                       "South.Korea"                        "Sri.Lanka"[] 
 []


Overfull \hbox (70.99341pt too wide) in paragraph at lines 1300--1300
[]\T1/lmtt/m/n/10 ## [22] "Sub-Saharan.Africa"                 "Taiwan"                             "Trinidad.and.Tobago"[] 
 []


Overfull \hbox (44.74348pt too wide) in paragraph at lines 1300--1300
[]\T1/lmtt/m/n/10 ## [25] "Turkey"                             "United.Arab.Emirates"               "United.Kingdom"[] 
 []


Overfull \hbox (7.99359pt too wide) in paragraph at lines 1367--1367
[]\T1/lmtt/m/n/10 ##   [1] "Albania"                            "Algeria"                            "Angola"[] 
 []


Overfull \hbox (97.24333pt too wide) in paragraph at lines 1367--1367
[]\T1/lmtt/m/n/10 ##   [4] "Argentina"                          "Armenia"                            "Asian & Pacific Islands"[] 
 []


Overfull \hbox (28.99353pt too wide) in paragraph at lines 1367--1367
[]\T1/lmtt/m/n/10 ##   [7] "Australia"                          "Austria"                            "Azerbaijan"[] 
 []


Overfull \hbox (2.7436pt too wide) in paragraph at lines 1367--1367
[]\T1/lmtt/m/n/10 ##  [10] "Bangladesh"                         "Belgium"                            "Benin"[] 
 []


Overfull \hbox (18.49356pt too wide) in paragraph at lines 1367--1367
[]\T1/lmtt/m/n/10 ##  [13] "Bolivia (Plurinational State of)"   "Bosnia and Herzegovina"             "Botswana"[] 
 []


Overfull \hbox (39.4935pt too wide) in paragraph at lines 1367--1367
[]\T1/lmtt/m/n/10 ##  [16] "Brazil"                             "Bulgaria"                           "Burkina Faso"[] 
 []


Overfull \hbox (7.99359pt too wide) in paragraph at lines 1367--1367
[]\T1/lmtt/m/n/10 ##  [19] "Cambodia"                           "Cameroon"                           "Canada"[] 
 []


Overfull \hbox (18.49356pt too wide) in paragraph at lines 1367--1367
[]\T1/lmtt/m/n/10 ##  [22] "Caribbean"                          "Chile"                              "Colombia"[] 
 []


Overfull \hbox (44.74348pt too wide) in paragraph at lines 1367--1367
[]\T1/lmtt/m/n/10 ##  [25] "Congo (Democratic Republic of the)" "Costa Rica"                         "Cote d'Ivoire"[] 
 []


Overfull \hbox (13.24358pt too wide) in paragraph at lines 1367--1367
[]\T1/lmtt/m/n/10 ##  [28] "Croatia"                            "Cyprus"                             "Czechia"[] 
 []


Overfull \hbox (13.24358pt too wide) in paragraph at lines 1367--1367
[]\T1/lmtt/m/n/10 ##  [31] "Denmark"                            "Dominican Republic"                 "Ecuador"[] 
 []


Overfull \hbox (13.24358pt too wide) in paragraph at lines 1367--1367
[]\T1/lmtt/m/n/10 ##  [34] "Egypt"                              "El Salvador"                        "Finland"[] 
 []


Overfull \hbox (2.7436pt too wide) in paragraph at lines 1367--1367
[]\T1/lmtt/m/n/10 ##  [37] "France"                             "Germany"                            "Ghana"[] 
 []


Overfull \hbox (2.7436pt too wide) in paragraph at lines 1367--1367
[]\T1/lmtt/m/n/10 ##  [40] "Greece"                             "Guatemala"                          "Haiti"[] 
 []


Overfull \hbox (13.24358pt too wide) in paragraph at lines 1367--1367
[]\T1/lmtt/m/n/10 ##  [43] "Honduras"                           "Hong Kong"                          "Hungary"[] 
 []


Overfull \hbox (2.7436pt too wide) in paragraph at lines 1367--1367
[]\T1/lmtt/m/n/10 ##  [49] "Ireland"                            "Israel"                             "Italy"[] 
 []


Overfull \hbox (7.99359pt too wide) in paragraph at lines 1367--1367
[]\T1/lmtt/m/n/10 ##  [52] "Jamaica"                            "Japan"                              "Jordan"[] 
 []


Overfull \hbox (7.99359pt too wide) in paragraph at lines 1367--1367
[]\T1/lmtt/m/n/10 ##  [55] "Kenya"                              "Kosovo"                             "Kuwait"[] 
 []


Overfull \hbox (2.7436pt too wide) in paragraph at lines 1367--1367
[]\T1/lmtt/m/n/10 ##  [58] "Lao People's Democratic Republic"   "Lebanon"                            "Libya"[] 
 []

[20]
Overfull \hbox (18.49356pt too wide) in paragraph at lines 1367--1367
[]\T1/lmtt/m/n/10 ##  [61] "Lithuania"                          "Malawi"                             "Malaysia"[] 
 []


Overfull \hbox (28.99353pt too wide) in paragraph at lines 1367--1367
[]\T1/lmtt/m/n/10 ##  [64] "Mexico"                             "Morocco"                            "Mozambique"[] 
 []


Overfull \hbox (34.24352pt too wide) in paragraph at lines 1367--1367
[]\T1/lmtt/m/n/10 ##  [67] "Nepal"                              "Netherlands"                        "New Zealand"[] 
 []


Overfull \hbox (55.24345pt too wide) in paragraph at lines 1367--1367
[]\T1/lmtt/m/n/10 ##  [70] "Nicaragua"                          "Nigeria"                            "North MAcedonia"[] 
 []


Overfull \hbox (18.49356pt too wide) in paragraph at lines 1367--1367
[]\T1/lmtt/m/n/10 ##  [73] "Norway"                             "Oman"                               "Pakistan"[] 
 []


Overfull \hbox (18.49356pt too wide) in paragraph at lines 1367--1367
[]\T1/lmtt/m/n/10 ##  [79] "Philippines"                        "Poland"                             "Portugal"[] 
 []


Overfull \hbox (13.24358pt too wide) in paragraph at lines 1367--1367
[]\T1/lmtt/m/n/10 ##  [82] "Puerto Rico"                        "Qatar"                              "Romania"[] 
 []


Overfull \hbox (7.99359pt too wide) in paragraph at lines 1367--1367
[]\T1/lmtt/m/n/10 ##  [85] "Saudi Arabia"                       "Senegal"                            "Serbia"[] 
 []


Overfull \hbox (39.4935pt too wide) in paragraph at lines 1367--1367
[]\T1/lmtt/m/n/10 ##  [88] "Singapore"                          "Slovakia"                           "South Africa"[] 
 []


Overfull \hbox (23.74355pt too wide) in paragraph at lines 1367--1367
[]\T1/lmtt/m/n/10 ##  [91] "South Korea"                        "Spain"                              "Sri Lanka"[] 
 []


Overfull \hbox (34.24352pt too wide) in paragraph at lines 1367--1367
[]\T1/lmtt/m/n/10 ##  [94] "Sub-Saharan Africa"                 "Sweden"                             "Switzerland"[] 
 []


Overfull \hbox (18.49356pt too wide) in paragraph at lines 1367--1367
[]\T1/lmtt/m/n/10 ##  [97] "Taiwan"                             "Tanzania"                           "Thailand"[] 
 []


Overfull \hbox (7.99359pt too wide) in paragraph at lines 1367--1367
[]\T1/lmtt/m/n/10 ## [100] "Trinidad and Tobago"                "Tunisia"                            "Turkey"[] 
 []


Overfull \hbox (44.74348pt too wide) in paragraph at lines 1367--1367
[]\T1/lmtt/m/n/10 ## [103] "United Arab Emirates"               "United Kingdom"                     "United States"[] 
 []


Overfull \hbox (13.24358pt too wide) in paragraph at lines 1367--1367
[]\T1/lmtt/m/n/10 ## [106] "Uruguay"                            "Uzbekistan"                         "Vietnam"[] 
 []


Overfull \hbox (97.24333pt too wide) in paragraph at lines 1377--1377
[]\T1/lmtt/m/n/10 ## Warning in file(filename, "r"): cannot open file 'tests/aware_fixed_country.R': No such file or directory[] 
 []


Overfull \hbox (207.49301pt too wide) in paragraph at lines 1436--1436
[]\T1/lmtt/m/n/10 ##   [1] "Afghanistan"                    "American Samoa"                 "Andorra"                        "Antigua and Barbuda"[] 
 []


Overfull \hbox (149.74318pt too wide) in paragraph at lines 1436--1436
[]\T1/lmtt/m/n/10 ##   [5] "Aruba"                          "Bahamas, The"                   "Bahrain"                        "Barbados"[] 
 []


Overfull \hbox (139.24321pt too wide) in paragraph at lines 1436--1436
[]\T1/lmtt/m/n/10 ##   [9] "Belarus"                        "Belize"                         "Bermuda"                        "Bhutan"[] 
 []


Overfull \hbox (144.4932pt too wide) in paragraph at lines 1436--1436
[]\T1/lmtt/m/n/10 ##  [13] "Bolivia"                        "British Virgin Islands"         "Brunei Darussalam"              "Burundi"[] 
 []


Overfull \hbox (128.74324pt too wide) in paragraph at lines 1436--1436
[]\T1/lmtt/m/n/10 ##  [17] "Cabo Verde"                     "Cayman Islands"                 "Central African Republic"       "Chad"[] 
 []


Overfull \hbox (191.74306pt too wide) in paragraph at lines 1436--1436
[]\T1/lmtt/m/n/10 ##  [21] "Channel Islands"                "China"                          "Comoros"                        "Congo, Dem. Rep."[] 
 []


Overfull \hbox (149.74318pt too wide) in paragraph at lines 1436--1436
[]\T1/lmtt/m/n/10 ##  [25] "Congo, Rep."                    "Cuba"                           "Curacao"                        "Djibouti"[] 
 []


Overfull \hbox (144.4932pt too wide) in paragraph at lines 1436--1436
[]\T1/lmtt/m/n/10 ##  [29] "Dominica"                       "Egypt, Arab Rep."               "Equatorial Guinea"              "Eritrea"[] 
 []


Overfull \hbox (175.9931pt too wide) in paragraph at lines 1436--1436
[]\T1/lmtt/m/n/10 ##  [33] "Estonia"                        "Eswatini"                       "Ethiopia"                       "Faroe Islands"[] 
 []


Overfull \hbox (165.49313pt too wide) in paragraph at lines 1436--1436
[]\T1/lmtt/m/n/10 ##  [37] "Fiji"                           "French Polynesia"               "Gabon"                          "Gambia, The"[] 
 []


Overfull \hbox (144.4932pt too wide) in paragraph at lines 1436--1436
[]\T1/lmtt/m/n/10 ##  [41] "Georgia"                        "Gibraltar"                      "Greenland"                      "Grenada"[] 
 []


Overfull \hbox (139.24321pt too wide) in paragraph at lines 1436--1436
[]\T1/lmtt/m/n/10 ##  [45] "Guam"                           "Guinea"                         "Guinea-Bissau"                  "Guyana"[] 
 []


Overfull \hbox (165.49313pt too wide) in paragraph at lines 1436--1436
[]\T1/lmtt/m/n/10 ##  [49] "Hong Kong SAR, China"           "Iceland"                        "Iran, Islamic Rep."             "Isle of Man"[] 
 []


Overfull \hbox (165.49313pt too wide) in paragraph at lines 1436--1436
[]\T1/lmtt/m/n/10 ##  [53] "Kazakhstan"                     "Kiribati"                       "Korea, Dem. People's Rep."      "Korea, Rep."[] 
 []


Overfull \hbox (144.4932pt too wide) in paragraph at lines 1436--1436
[]\T1/lmtt/m/n/10 ##  [57] "Kyrgyz Republic"                "Lao PDR"                        "Latvia"                         "Lesotho"[] 
 []


Overfull \hbox (191.74306pt too wide) in paragraph at lines 1436--1436
[]\T1/lmtt/m/n/10 ##  [61] "Liberia"                        "Liechtenstein"                  "Luxembourg"                     "Macao SAR, China"[] 
 []

[21]
Overfull \hbox (133.99323pt too wide) in paragraph at lines 1436--1436
[]\T1/lmtt/m/n/10 ##  [65] "Madagascar"                     "Maldives"                       "Mali"                           "Malta"[] 
 []


Overfull \hbox (217.99298pt too wide) in paragraph at lines 1436--1436
[]\T1/lmtt/m/n/10 ##  [69] "Marshall Islands"               "Mauritania"                     "Mauritius"                      "Micronesia, Fed. Sts."[] 
 []


Overfull \hbox (160.24315pt too wide) in paragraph at lines 1436--1436
[]\T1/lmtt/m/n/10 ##  [73] "Moldova"                        "Monaco"                         "Mongolia"                       "Montenegro"[] 
 []


Overfull \hbox (175.9931pt too wide) in paragraph at lines 1436--1436
[]\T1/lmtt/m/n/10 ##  [77] "Myanmar"                        "Namibia"                        "Nauru"                          "New Caledonia"[] 
 []


Overfull \hbox (133.99323pt too wide) in paragraph at lines 1436--1436
[]\T1/lmtt/m/n/10 ##  [81] "Niger"                          "North Macedonia"                "Northern Mariana Islands"       "Palau"[] 
 []


Overfull \hbox (139.24321pt too wide) in paragraph at lines 1436--1436
[]\T1/lmtt/m/n/10 ##  [85] "Papua New Guinea"               "Puerto Rico (US)"               "Russian Federation"             "Rwanda"[] 
 []


Overfull \hbox (160.24315pt too wide) in paragraph at lines 1436--1436
[]\T1/lmtt/m/n/10 ##  [89] "Samoa"                          "San Marino"                     "Sao Tome and Principe"          "Seychelles"[] 
 []


Overfull \hbox (149.74318pt too wide) in paragraph at lines 1436--1436
[]\T1/lmtt/m/n/10 ##  [93] "Sierra Leone"                   "Sint Maarten (Dutch part)"      "Slovak Republic"                "Slovenia"[] 
 []


Overfull \hbox (207.49301pt too wide) in paragraph at lines 1436--1436
[]\T1/lmtt/m/n/10 ##  [97] "Solomon Islands"                "Somalia, Fed. Rep."             "South Sudan"                    "St. Kitts and Nevis"[] 
 []


Overfull \hbox (133.99323pt too wide) in paragraph at lines 1436--1436
[]\T1/lmtt/m/n/10 ## [101] "St. Lucia"                      "St. Martin (French part)"       "St. Vincent and the Grenadines" "Sudan"[] 
 []


Overfull \hbox (165.49313pt too wide) in paragraph at lines 1436--1436
[]\T1/lmtt/m/n/10 ## [105] "Suriname"                       "Syrian Arab Republic"           "Tajikistan"                     "Timor-Leste"[] 
 []


Overfull \hbox (170.74312pt too wide) in paragraph at lines 1436--1436
[]\T1/lmtt/m/n/10 ## [109] "Togo"                           "Tonga"                          "Turkiye"                        "Turkmenistan"[] 
 []


Overfull \hbox (144.4932pt too wide) in paragraph at lines 1436--1436
[]\T1/lmtt/m/n/10 ## [113] "Turks and Caicos Islands"       "Tuvalu"                         "Uganda"                         "Ukraine"[] 
 []


Overfull \hbox (217.99298pt too wide) in paragraph at lines 1436--1436
[]\T1/lmtt/m/n/10 ## [117] "Vanuatu"                        "Venezuela, RB"                  "Viet Nam"                       "Virgin Islands (U.S.)"[] 
 []


Overfull \hbox (18.49356pt too wide) in paragraph at lines 1461--1461
[]\T1/lmtt/m/n/10 ##  [1] "Asian & Pacific Islands"            "Bolivia (Plurinational State of)"   "Caribbean"[] 
 []


Overfull \hbox (18.49356pt too wide) in paragraph at lines 1461--1461
[]\T1/lmtt/m/n/10 ##  [4] "Congo (Democratic Republic of the)" "Egypt"                              "Hong Kong"[] 
 []


Overfull \hbox (28.99353pt too wide) in paragraph at lines 1461--1461
[]\T1/lmtt/m/n/10 ##  [7] "Lao People's Democratic Republic"   "North MAcedonia"                    "Puerto Rico"[] 
 []


Overfull \hbox (65.74342pt too wide) in paragraph at lines 1461--1461
[]\T1/lmtt/m/n/10 ## [10] "Slovakia"                           "South Korea"                        "Sub-Saharan Africa"[] 
 []


Overfull \hbox (7.99359pt too wide) in paragraph at lines 1461--1461
[]\T1/lmtt/m/n/10 ## [13] "Taiwan"                             "Turkey"                             "Vietnam"[] 
 []

[22]
Overfull \hbox (154.99316pt too wide) in paragraph at lines 1513--1513
[]\T1/lmtt/m/n/10 ## [1] "Asian & Pacific Islands" "Caribbean"               "Puerto Rico"             "Sub-Saharan Africa"      "Taiwan"[] 
 []


Overfull \hbox (128.74324pt too wide) in paragraph at lines 1536--1536
[]\T1/lmtt/m/n/10 ## Warning in file(filename, "r"): cannot open file 'tests/aware_fixed_country_match.R': No such file or directory[] 
 []

[23]
Overfull \hbox (28.99353pt too wide) in paragraph at lines 1584--1584
[]\T1/lmtt/m/n/10 ##    country    total_population aware_no aware_alittle aware_moderate aware_alot aware_refuse[] 
 []


Overfull \hbox (28.99353pt too wide) in paragraph at lines 1584--1584
[]\T1/lmtt/m/n/10 ##    <chr>                 <dbl>    <dbl>         <dbl>          <dbl>      <dbl>        <dbl>[] 
 []


Overfull \hbox (18.49356pt too wide) in paragraph at lines 1584--1584
[]\T1/lmtt/m/n/10 ##  1 Albania             2837849     9.99          43.0           33.1      10.6        3.25[] 
 []


Overfull \hbox (18.49356pt too wide) in paragraph at lines 1584--1584
[]\T1/lmtt/m/n/10 ##  2 Algeria            44042091    23.2           37.6           26.0      11.1        2.15[] 
 []


Overfull \hbox (18.49356pt too wide) in paragraph at lines 1584--1584
[]\T1/lmtt/m/n/10 ##  3 Angola             33451132    19.1           43.0           23.5      11.1        3.29[] 
 []


Overfull \hbox (23.74355pt too wide) in paragraph at lines 1584--1584
[]\T1/lmtt/m/n/10 ##  4 Argentina          45191965     8.25          37.4           43.8       9.88       0.696[] 
 []


Overfull \hbox (18.49356pt too wide) in paragraph at lines 1584--1584
[]\T1/lmtt/m/n/10 ##  5 Armenia             2961500     9.18          51.4           25.8      11.4        2.14[] 
 []


Overfull \hbox (23.74355pt too wide) in paragraph at lines 1584--1584
[]\T1/lmtt/m/n/10 ##  6 Australia          25649248     1.13          26.4           48.1      23.9        0.407[] 
 []


Overfull \hbox (23.74355pt too wide) in paragraph at lines 1584--1584
[]\T1/lmtt/m/n/10 ##  7 Austria             8916864     1.34          16.4           48.6      32.7        0.985[] 
 []


Overfull \hbox (18.49356pt too wide) in paragraph at lines 1584--1584
[]\T1/lmtt/m/n/10 ##  8 Azerbaijan         10093121     6.19          42.4           35.9      13.2        2.20[] 
 []


Overfull \hbox (18.49356pt too wide) in paragraph at lines 1584--1584
[]\T1/lmtt/m/n/10 ##  9 Bangladesh        166298024    24.5           36.2           16.2      18.9        4.22[] 
 []


Overfull \hbox (28.99353pt too wide) in paragraph at lines 1584--1584
[]\T1/lmtt/m/n/10 ## 10 Belgium            11538604     1.40          26.9           57.0      14.6        0.0961[] 
 []


Overfull \hbox (44.74348pt too wide) in paragraph at lines 1594--1594
[]\T1/lmtt/m/n/10 ## Warning in file(filename, "r"): cannot open file 'tests/aware_pop.R': No such file or directory[] 
 []


Overfull \hbox (28.99353pt too wide) in paragraph at lines 1664--1664
[]\T1/lmtt/m/n/10 ##   [1] "Afghanistan"                      "Africa"                           "American Samoa"[] 
 []


Overfull \hbox (55.24345pt too wide) in paragraph at lines 1664--1664
[]\T1/lmtt/m/n/10 ##   [4] "Andorra"                          "Anguilla"                         "Antigua and Barbuda"[] 
 []


Overfull \hbox (28.99353pt too wide) in paragraph at lines 1664--1664
[]\T1/lmtt/m/n/10 ##  [19] "Burundi"                          "Cape Verde"                       "Cayman Islands"[] 
 []


Overfull \hbox (18.49356pt too wide) in paragraph at lines 1664--1664
[]\T1/lmtt/m/n/10 ##  [25] "Comoros"                          "Congo"                            "Cook Islands"[] 
 []


Overfull \hbox (102.49332pt too wide) in paragraph at lines 1664--1664
[]\T1/lmtt/m/n/10 ##  [28] "Cuba"                             "Curacao"                          "Democratic Republic of Congo"[] 
 []


Overfull \hbox (7.99359pt too wide) in paragraph at lines 1664--1664
[]\T1/lmtt/m/n/10 ##  [31] "Djibouti"                         "Dominica"                         "East Timor"[] 
 []


Overfull \hbox (44.74348pt too wide) in paragraph at lines 1664--1664
[]\T1/lmtt/m/n/10 ##  [34] "Egypt"                            "England"                          "Equatorial Guinea"[] 
 []

[24]
Overfull \hbox (55.24345pt too wide) in paragraph at lines 1664--1664
[]\T1/lmtt/m/n/10 ##  [40] "Ethiopia"                         "Europe"                           "European Union (27)"[] 
 []


Overfull \hbox (2.7436pt too wide) in paragraph at lines 1664--1664
[]\T1/lmtt/m/n/10 ##  [49] "Gambia"                           "Georgia"                          "Gibraltar"[] 
 []


Overfull \hbox (7.99359pt too wide) in paragraph at lines 1664--1664
[]\T1/lmtt/m/n/10 ##  [52] "Greenland"                        "Grenada"                          "Guadeloupe"[] 
 []


Overfull \hbox (65.74342pt too wide) in paragraph at lines 1664--1664
[]\T1/lmtt/m/n/10 ##  [58] "Guinea-Bissau"                    "Guyana"                           "High-income countries"[] 
 []


Overfull \hbox (7.99359pt too wide) in paragraph at lines 1664--1664
[]\T1/lmtt/m/n/10 ##  [64] "Isle of Man"                      "Jersey"                           "Kazakhstan"[] 
 []


Overfull \hbox (107.7433pt too wide) in paragraph at lines 1664--1664
[]\T1/lmtt/m/n/10 ##  [73] "Liechtenstein"                    "Low-income countries"             "Lower-middle-income countries"[] 
 []


Overfull \hbox (39.4935pt too wide) in paragraph at lines 1664--1664
[]\T1/lmtt/m/n/10 ##  [79] "Mali"                             "Malta"                            "Marshall Islands"[] 
 []


Overfull \hbox (2.7436pt too wide) in paragraph at lines 1664--1664
[]\T1/lmtt/m/n/10 ##  [82] "Martinique"                       "Mauritania"                       "Mauritius"[] 
 []


Overfull \hbox (7.99359pt too wide) in paragraph at lines 1664--1664
[]\T1/lmtt/m/n/10 ##  [88] "Monaco"                           "Mongolia"                         "Montenegro"[] 
 []


Overfull \hbox (13.24358pt too wide) in paragraph at lines 1664--1664
[]\T1/lmtt/m/n/10 ##  [97] "Niue"                             "North America"                    "North Korea"[] 
 []


Overfull \hbox (39.4935pt too wide) in paragraph at lines 1664--1664
[]\T1/lmtt/m/n/10 ## [103] "Palau"                            "Palestine"                        "Papua New Guinea"[] 
 []


Overfull \hbox (39.4935pt too wide) in paragraph at lines 1664--1664
[]\T1/lmtt/m/n/10 ## [109] "Russia"                           "Rwanda"                           "Saint Barthelemy"[] 
 []


Overfull \hbox (13.24358pt too wide) in paragraph at lines 1664--1664
[]\T1/lmtt/m/n/10 ## [112] "Saint Helena"                     "Saint Kitts and Nevis"            "Saint Lucia"[] 
 []


Overfull \hbox (123.49326pt too wide) in paragraph at lines 1664--1664
[]\T1/lmtt/m/n/10 ## [115] "Saint Martin (French part)"       "Saint Pierre and Miquelon"        "Saint Vincent and the Grenadines"[] 
 []


Overfull \hbox (65.74342pt too wide) in paragraph at lines 1664--1664
[]\T1/lmtt/m/n/10 ## [118] "Samoa"                            "San Marino"                       "Sao Tome and Principe"[] 
 []


Overfull \hbox (18.49356pt too wide) in paragraph at lines 1664--1664
[]\T1/lmtt/m/n/10 ## [121] "Scotland"                         "Seychelles"                       "Sierra Leone"[] 
 []


Overfull \hbox (23.74355pt too wide) in paragraph at lines 1664--1664
[]\T1/lmtt/m/n/10 ## [127] "Solomon Islands"                  "Somalia"                          "South America"[] 
 []


Overfull \hbox (18.49356pt too wide) in paragraph at lines 1664--1664
[]\T1/lmtt/m/n/10 ## [139] "Tonga"                            "Turkey"                           "Turkmenistan"[] 
 []


Overfull \hbox (107.7433pt too wide) in paragraph at lines 1664--1664
[]\T1/lmtt/m/n/10 ## [145] "Ukraine"                          "United States Virgin Islands"     "Upper-middle-income countries"[] 
 []


Overfull \hbox (2.7436pt too wide) in paragraph at lines 1664--1664
[]\T1/lmtt/m/n/10 ## [148] "Vanuatu"                          "Vatican"                          "Venezuela"[] 
 []


Overfull \hbox (44.74348pt too wide) in paragraph at lines 1664--1664
[]\T1/lmtt/m/n/10 ## [151] "Vietnam"                          "Wales"                            "Wallis and Futuna"[] 
 []


Overfull \hbox (238.99292pt too wide) in paragraph at lines 1675--1675
[]\T1/lmtt/m/n/10 ## [1] "Congo, Dem. Rep."     "Egypt, Arab Rep."     "Hong Kong SAR, China" "Lao PDR"              "Slovak Republic"      "Korea, Rep."[] 
 []

[25]
Overfull \hbox (123.49326pt too wide) in paragraph at lines 1739--1739
[]\T1/lmtt/m/n/10 ## Warning in file(filename, "r"): cannot open file 'tests/covid_2020_match_country.R': No such file or directory[] 
 []

[26]
Overfull \hbox (254.74287pt too wide) in paragraph at lines 1774--1774
[]\T1/lmtt/m/n/10 ##    country    total_population aware_no aware_alittle aware_moderate aware_alot aware_refuse continent     total_cases covid_per_capita[] 
 []


Overfull \hbox (254.74287pt too wide) in paragraph at lines 1774--1774
[]\T1/lmtt/m/n/10 ##    <chr>                 <dbl>    <dbl>         <dbl>          <dbl>      <dbl>        <dbl> <chr>               <dbl>            <dbl>[] 
 []


Overfull \hbox (244.2429pt too wide) in paragraph at lines 1774--1774
[]\T1/lmtt/m/n/10 ##  1 Albania             2837849     9.99          43.0           33.1      10.6        3.25   Europe              55380         0.0195[] 
 []


Overfull \hbox (249.49289pt too wide) in paragraph at lines 1774--1774
[]\T1/lmtt/m/n/10 ##  2 Algeria            44042091    23.2           37.6           26.0      11.1        2.15   Africa              97857         0.00222[] 
 []


Overfull \hbox (254.74287pt too wide) in paragraph at lines 1774--1774
[]\T1/lmtt/m/n/10 ##  3 Angola             33451132    19.1           43.0           23.5      11.1        3.29   Africa              17149         0.000513[] 
 []


Overfull \hbox (244.2429pt too wide) in paragraph at lines 1774--1774
[]\T1/lmtt/m/n/10 ##  4 Argentina          45191965     8.25          37.4           43.8       9.88       0.696  South America     1629908         0.0361[] 
 []


Overfull \hbox (244.2429pt too wide) in paragraph at lines 1774--1774
[]\T1/lmtt/m/n/10 ##  5 Armenia             2961500     9.18          51.4           25.8      11.4        2.14   Asia               157834         0.0533[] 
 []


Overfull \hbox (249.49289pt too wide) in paragraph at lines 1774--1774
[]\T1/lmtt/m/n/10 ##  6 Australia          25649248     1.13          26.4           48.1      23.9        0.407  Oceania             28296         0.00110[] 
 []


Overfull \hbox (244.2429pt too wide) in paragraph at lines 1774--1774
[]\T1/lmtt/m/n/10 ##  7 Austria             8916864     1.34          16.4           48.6      32.7        0.985  Europe             344732         0.0387[] 
 []


Overfull \hbox (244.2429pt too wide) in paragraph at lines 1774--1774
[]\T1/lmtt/m/n/10 ##  8 Azerbaijan         10093121     6.19          42.4           35.9      13.2        2.20   Asia               211764         0.0210[] 
 []


Overfull \hbox (249.49289pt too wide) in paragraph at lines 1774--1774
[]\T1/lmtt/m/n/10 ##  9 Bangladesh        166298024    24.5           36.2           16.2      18.9        4.22   Asia               509148         0.00306[] 
 []


Overfull \hbox (244.2429pt too wide) in paragraph at lines 1774--1774
[]\T1/lmtt/m/n/10 ## 10 Belgium            11538604     1.40          26.9           57.0      14.6        0.0961 Europe             638760         0.0554[] 
 []


Overfull \hbox (55.24345pt too wide) in paragraph at lines 1794--1794
[]\T1/lmtt/m/n/10 ## Warning in file(filename, "r"): cannot open file 'tests/aware_covid.R': No such file or directory[] 
 []

[27]
Overfull \hbox (7.99359pt too wide) in paragraph at lines 1833--1833
[]\T1/lmtt/m/n/10 ## Warning: Removed 7 rows containing non-finite outside the scale range (`stat_smooth()`).[] 
 []


Overfull \hbox (76.2434pt too wide) in paragraph at lines 1837--1837
[]\T1/lmtt/m/n/10 ## Warning: Removed 2 rows containing missing values or values outside the scale range (`geom_point()`).[] 
 []

<_main_files/figure-latex/unnamed-chunk-35-1.pdf, id=197, 469.755pt x 325.215pt>
File: _main_files/figure-latex/unnamed-chunk-35-1.pdf Graphic file (type pdf)
<use _main_files/figure-latex/unnamed-chunk-35-1.pdf>
Package pdftex.def Info: _main_files/figure-latex/unnamed-chunk-35-1.pdf  used on input line 1839.
(pdftex.def)             Requested size: 469.75386pt x 325.2142pt.
[28 <./_main_files/figure-latex/unnamed-chunk-35-1.pdf>]
Overfull \hbox (270.49283pt too wide) in paragraph at lines 2123--2123
[]\T1/lmtt/m/n/10 ##    year rank                  country ladder_score lower_whisker upper_whisker explained_by_log_gdp_per_capita explained_by_social_support[] 
 []


Overfull \hbox (270.49283pt too wide) in paragraph at lines 2123--2123
[]\T1/lmtt/m/n/10 ## 1  2024  147              Afghanistan       1.3640      1.301000      1.427000                      0.64900000                       0.000[] 
 []


Overfull \hbox (270.49283pt too wide) in paragraph at lines 2123--2123
[]\T1/lmtt/m/n/10 ## 2  2024   89                  Albania       5.4110      5.284000      5.539000                      1.37100000                       1.122[] 
 []


Overfull \hbox (270.49283pt too wide) in paragraph at lines 2123--2123
[]\T1/lmtt/m/n/10 ## 3  2024   84                  Algeria       5.5710      5.469000      5.674000                      1.31500000                       1.363[] 
 []


Overfull \hbox (270.49283pt too wide) in paragraph at lines 2123--2123
[]\T1/lmtt/m/n/10 ## 4  2017  142                   Angola       3.7950            NA            NA                              NA                          NA[] 
 []


Overfull \hbox (270.49283pt too wide) in paragraph at lines 2123--2123
[]\T1/lmtt/m/n/10 ## 5  2024   42                Argentina       6.3970      6.302000      6.492000                      1.50400000                       1.622[] 
 []


Overfull \hbox (270.49283pt too wide) in paragraph at lines 2123--2123
[]\T1/lmtt/m/n/10 ## 6  2024   87                  Armenia       5.4940      5.391000      5.596000                      1.39100000                       1.349[] 
 []


Overfull \hbox (270.49283pt too wide) in paragraph at lines 2123--2123
[]\T1/lmtt/m/n/10 ## 7  2024   11                Australia       6.9740      6.890000      7.057000                      1.76700000                       1.647[] 
 []


Overfull \hbox (270.49283pt too wide) in paragraph at lines 2123--2123
[]\T1/lmtt/m/n/10 ## 8  2024   17                  Austria       6.8100      6.728000      6.891000                      1.79100000                       1.592[] 
 []


Overfull \hbox (270.49283pt too wide) in paragraph at lines 2123--2123
[]\T1/lmtt/m/n/10 ## 9  2024  106               Azerbaijan       4.8750      4.780000      4.969000                      1.42800000                       1.030[] 
 []


Overfull \hbox (270.49283pt too wide) in paragraph at lines 2123--2123
[]\T1/lmtt/m/n/10 ## 10 2024   59                  Bahrain       6.0300      5.891000      6.170000                      1.75200000                       1.391[] 
 []


Overfull \hbox (270.49283pt too wide) in paragraph at lines 2123--2123
[]\T1/lmtt/m/n/10 ## 11 2024  134               Bangladesh       3.8510      3.753000      3.949000                      1.11600000                       0.286[] 
 []


Overfull \hbox (270.49283pt too wide) in paragraph at lines 2123--2123
[]\T1/lmtt/m/n/10 ## 12 2021   65                  Belarus       5.8210      5.693000      5.950000                      1.56200000                       1.157[] 
 []


Overfull \hbox (270.49283pt too wide) in paragraph at lines 2123--2123
[]\T1/lmtt/m/n/10 ## 13 2024   14                  Belgium       6.9100      6.845000      6.974000                      1.78300000                       1.646[] 
 []


Overfull \hbox (270.49283pt too wide) in paragraph at lines 2123--2123
[]\T1/lmtt/m/n/10 ## 14 2024   25                   Belize       6.7110      6.432000      6.989000                      1.25600000                       1.540[] 
 []


Overfull \hbox (270.49283pt too wide) in paragraph at lines 2123--2123
[]\T1/lmtt/m/n/10 ## 15 2024  121                    Benin       4.3570      4.222000      4.492000                      0.85500000                       0.228[] 
 []


Overfull \hbox (270.49283pt too wide) in paragraph at lines 2123--2123
[]\T1/lmtt/m/n/10 ## 16 2018   95                   Bhutan       5.0820            NA            NA                              NA                          NA[] 
 []


Overfull \hbox (270.49283pt too wide) in paragraph at lines 2123--2123
[]\T1/lmtt/m/n/10 ## 17 2024   74                  Bolivia       5.8680      5.758000      5.977000                      1.17300000                       1.356[] 
 []


Overfull \hbox (270.49283pt too wide) in paragraph at lines 2123--2123
[]\T1/lmtt/m/n/10 ## 18 2024   56   Bosnia and Herzegovina       6.1360      6.039000      6.234000                      1.40500000                       1.545[] 
 []


Overfull \hbox (270.49283pt too wide) in paragraph at lines 2123--2123
[]\T1/lmtt/m/n/10 ## 19 2024  142                 Botswana       3.4380      3.301000      3.576000                      1.38800000                       1.146[] 
 []


Overfull \hbox (270.49283pt too wide) in paragraph at lines 2123--2123
[]\T1/lmtt/m/n/10 ## 20 2024   36                   Brazil       6.4940      6.394000      6.593000                      1.39100000                       1.519[] 
 []


Overfull \hbox (270.49283pt too wide) in paragraph at lines 2123--2123
[]\T1/lmtt/m/n/10 ## 21 2024   85                 Bulgaria       5.5540      5.460000      5.647000                      1.57300000                       1.725[] 
 []


Overfull \hbox (270.49283pt too wide) in paragraph at lines 2123--2123
[]\T1/lmtt/m/n/10 ## 22 2024  120             Burkina Faso       4.3830      4.260000      4.506000                      0.72400000                       0.828[] 
 []


Overfull \hbox (270.49283pt too wide) in paragraph at lines 2123--2123
[]\T1/lmtt/m/n/10 ## 23 2020  141                  Burundi       3.7750      3.565000      3.985000                      0.00000000                       0.062[] 
 []

[29]
Overfull \hbox (270.49283pt too wide) in paragraph at lines 2123--2123
[]\T1/lmtt/m/n/10 ## 24 2024  124                 Cambodia       4.3410      4.237000      4.446000                      1.04900000                       1.215[] 
 []


Overfull \hbox (270.49283pt too wide) in paragraph at lines 2123--2123
[]\T1/lmtt/m/n/10 ## 25 2024  104                 Cameroon       4.8870      4.767000      5.007000                      0.94400000                       0.986[] 
 []


Overfull \hbox (270.49283pt too wide) in paragraph at lines 2123--2123
[]\T1/lmtt/m/n/10 ## 26 2024   18                   Canada       6.8030      6.718000      6.888000                      1.74900000                       1.647[] 
 []


Overfull \hbox (270.49283pt too wide) in paragraph at lines 2123--2123
[]\T1/lmtt/m/n/10 ## 27 2019  149 Central African Republic       3.4759      3.250141      3.701658                      0.04107208                       0.000[] 
 []


Overfull \hbox (270.49283pt too wide) in paragraph at lines 2123--2123
[]\T1/lmtt/m/n/10 ## 28 2024  119                     Chad       4.3840      4.253000      4.515000                      0.59200000                       0.902[] 
 []


Overfull \hbox (270.49283pt too wide) in paragraph at lines 2123--2123
[]\T1/lmtt/m/n/10 ## 29 2024   45                    Chile       6.3610      6.273000      6.449000                      1.53700000                       1.577[] 
 []


Overfull \hbox (270.49283pt too wide) in paragraph at lines 2123--2123
[]\T1/lmtt/m/n/10 ## 30 2024   68                    China       5.9210      5.819000      6.023000                      1.44500000                       1.307[] 
 []


Overfull \hbox (270.49283pt too wide) in paragraph at lines 2123--2123
[]\T1/lmtt/m/n/10 ## 31 2024   61                 Colombia       6.0040      5.897000      6.112000                      1.38000000                       1.513[] 
 []


Overfull \hbox (270.49283pt too wide) in paragraph at lines 2123--2123
[]\T1/lmtt/m/n/10 ## 32 2024  139                  Comoros       3.7540      3.590000      3.919000                      0.83500000                       0.501[] 
 []


Overfull \hbox (270.49283pt too wide) in paragraph at lines 2123--2123
[]\T1/lmtt/m/n/10 ## 33 2024  100                    Congo       5.0300      4.855000      5.205000                      1.02300000                       0.796[] 
 []


Overfull \hbox (270.49283pt too wide) in paragraph at lines 2123--2123
[]\T1/lmtt/m/n/10 ## 34 2024    6               Costa Rica       7.2740      7.187000      7.361000                      1.49200000                       1.600[] 
 []


Overfull \hbox (270.49283pt too wide) in paragraph at lines 2123--2123
[]\T1/lmtt/m/n/10 ## 35 2024   72                  Croatia       5.8700      5.777000      5.963000                      1.64400000                       1.673[] 
 []


Overfull \hbox (270.49283pt too wide) in paragraph at lines 2123--2123
[]\T1/lmtt/m/n/10 ## 36 2011   69                     Cuba       5.4180            NA            NA                              NA                          NA[] 
 []


Overfull \hbox (270.49283pt too wide) in paragraph at lines 2123--2123
[]\T1/lmtt/m/n/10 ## 37 2024   67                   Cyprus       5.9420      5.827000      6.058000                      1.72000000                       1.348[] 
 []


Overfull \hbox (270.49283pt too wide) in paragraph at lines 2123--2123
[]\T1/lmtt/m/n/10 ## 38 2024   20                  Czechia       6.7750      6.696000      6.854000                      1.69200000                       1.716[] 
 []


Overfull \hbox (270.49283pt too wide) in paragraph at lines 2123--2123
[]\T1/lmtt/m/n/10 ## 39 2024   98            Côte d'Ivoire       5.1020      4.967000      5.238000                      1.03800000                       0.760[] 
 []


Overfull \hbox (270.49283pt too wide) in paragraph at lines 2123--2123
[]\T1/lmtt/m/n/10 ## 40 2024  141                 DR Congo       3.4690      3.331000      3.608000                      0.54400000                       0.929[] 
 []


Overfull \hbox (270.49283pt too wide) in paragraph at lines 2123--2123
[]\T1/lmtt/m/n/10 ## 41 2024    2                  Denmark       7.5210      7.431000      7.611000                      1.82500000                       1.748[] 
 []


Overfull \hbox (270.49283pt too wide) in paragraph at lines 2123--2123
[]\T1/lmtt/m/n/10 ## 42 2014  126                 Djibouti       4.3690            NA            NA                              NA                          NA[] 
 []


Overfull \hbox (270.49283pt too wide) in paragraph at lines 2123--2123
[]\T1/lmtt/m/n/10 ## 43 2024   76       Dominican Republic       5.8460      5.705000      5.988000                      1.45700000                       1.500[] 
 []


Overfull \hbox (270.49283pt too wide) in paragraph at lines 2123--2123
[]\T1/lmtt/m/n/10 ## 44 2024   62                  Ecuador       5.9650      5.848000      6.083000                      1.29900000                       1.320[] 
 []


Overfull \hbox (270.49283pt too wide) in paragraph at lines 2123--2123
[]\T1/lmtt/m/n/10 ## 45 2024  135                    Egypt       3.8170      3.725000      3.909000                      1.34700000                       1.075[] 
 []


Overfull \hbox (270.49283pt too wide) in paragraph at lines 2123--2123
[]\T1/lmtt/m/n/10 ## 46 2024   37              El Salvador       6.4920      6.365000      6.619000                      1.22200000                       1.228[] 
 []


Overfull \hbox (270.49283pt too wide) in paragraph at lines 2123--2123
[]\T1/lmtt/m/n/10 ## 47 2024   39                  Estonia       6.4170      6.337000      6.497000                      1.65000000                       1.716[] 
 []


Overfull \hbox (270.49283pt too wide) in paragraph at lines 2123--2123
[]\T1/lmtt/m/n/10 ## 48 2024  137                 Eswatini       3.7740      3.654000      3.893000                      1.18300000                       1.152[] 
 []


Overfull \hbox (270.49283pt too wide) in paragraph at lines 2123--2123
[]\T1/lmtt/m/n/10 ## 49 2024  132                 Ethiopia       3.8980      3.786000      4.011000                      0.75700000                       1.051[] 
 []


Overfull \hbox (270.49283pt too wide) in paragraph at lines 2123--2123
[]\T1/lmtt/m/n/10 ## 50 2024    1                  Finland       7.7360      7.662000      7.810000                      1.74900000                       1.783[] 
 []


Overfull \hbox (270.49283pt too wide) in paragraph at lines 2123--2123
[]\T1/lmtt/m/n/10 ## 51 2024   33                   France       6.5930      6.517000      6.668000                      1.73300000                       1.535[] 
 []


Overfull \hbox (270.49283pt too wide) in paragraph at lines 2123--2123
[]\T1/lmtt/m/n/10 ## 52 2024   97                    Gabon       5.1200      4.985000      5.256000                      1.38600000                       1.224[] 
 []


Overfull \hbox (270.49283pt too wide) in paragraph at lines 2123--2123
[]\T1/lmtt/m/n/10 ## 53 2024  117                   Gambia       4.4230      4.315000      4.530000                      0.77800000                       0.958[] 
 []


Overfull \hbox (270.49283pt too wide) in paragraph at lines 2123--2123
[]\T1/lmtt/m/n/10 ## 54 2024   91                  Georgia       5.4000      5.304000      5.496000                      1.44400000                       1.275[] 
 []


Overfull \hbox (270.49283pt too wide) in paragraph at lines 2123--2123
[]\T1/lmtt/m/n/10 ## 55 2024   22                  Germany       6.7530      6.652000      6.854000                      1.78500000                       1.625[] 
 []


Overfull \hbox (270.49283pt too wide) in paragraph at lines 2123--2123
[]\T1/lmtt/m/n/10 ## 56 2024  125                    Ghana       4.3400      4.235000      4.444000                      1.05300000                       1.010[] 
 []


Overfull \hbox (270.49283pt too wide) in paragraph at lines 2123--2123
[]\T1/lmtt/m/n/10 ## 57 2024   81                   Greece       5.7760      5.677000      5.875000                      1.60800000                       1.438[] 
 []


Overfull \hbox (270.49283pt too wide) in paragraph at lines 2123--2123
[]\T1/lmtt/m/n/10 ## 58 2024   44                Guatemala       6.3620      6.222000      6.503000                      1.24900000                       1.330[] 
 []


Overfull \hbox (270.49283pt too wide) in paragraph at lines 2123--2123
[]\T1/lmtt/m/n/10 ## 59 2024  102                   Guinea       4.9290      4.787000      5.070000                      0.87300000                       0.791[] 
 []


Overfull \hbox (270.49283pt too wide) in paragraph at lines 2123--2123
[]\T1/lmtt/m/n/10 ## 60 2011   45                   Guyana       5.9930            NA            NA                              NA                          NA[] 
 []


Overfull \hbox (270.49283pt too wide) in paragraph at lines 2123--2123
[]\T1/lmtt/m/n/10 ## 61 2020  144                    Haiti       3.6150      3.276000      3.953000                      0.29400000                       0.173[] 
 []


Overfull \hbox (270.49283pt too wide) in paragraph at lines 2123--2123
[]\T1/lmtt/m/n/10 ## 62 2024   63                 Honduras       5.9640      5.821000      6.108000                      1.03600000                       1.187[] 
 []


Overfull \hbox (270.49283pt too wide) in paragraph at lines 2123--2123
[]\T1/lmtt/m/n/10 ## 63 2024   88   Hong Kong SAR of China       5.4910      5.417000      5.566000                      1.79000000                       1.410[] 
 []


Overfull \hbox (270.49283pt too wide) in paragraph at lines 2123--2123
[]\T1/lmtt/m/n/10 ## 64 2024   69                  Hungary       5.9150      5.809000      6.020000                      1.63800000                       1.742[] 
 []


Overfull \hbox (270.49283pt too wide) in paragraph at lines 2123--2123
[]\T1/lmtt/m/n/10 ## 65 2024    3                  Iceland       7.5150      7.425000      7.606000                      1.79900000                       1.840[] 
 []


Overfull \hbox (270.49283pt too wide) in paragraph at lines 2123--2123
[]\T1/lmtt/m/n/10 ## 66 2024  118                    India       4.3890      4.320000      4.457000                      1.14900000                       0.860[] 
 []


Overfull \hbox (270.49283pt too wide) in paragraph at lines 2123--2123
[]\T1/lmtt/m/n/10 ## 67 2024   83                Indonesia       5.6170      5.516000      5.717000                      1.28800000                       1.372[] 
 []


Overfull \hbox (270.49283pt too wide) in paragraph at lines 2123--2123
[]\T1/lmtt/m/n/10 ## 68 2024   99                     Iran       5.0930      4.994000      5.193000                      1.33000000                       1.367[] 
 []


Overfull \hbox (270.49283pt too wide) in paragraph at lines 2123--2123
[]\T1/lmtt/m/n/10 ## 69 2024  101                     Iraq       4.9760      4.866000      5.085000                      1.26100000                       1.275[] 
 []


Overfull \hbox (270.49283pt too wide) in paragraph at lines 2123--2123
[]\T1/lmtt/m/n/10 ## 70 2024   15                  Ireland       6.8890      6.801000      6.977000                      1.98800000                       1.659[] 
 []


Overfull \hbox (270.49283pt too wide) in paragraph at lines 2123--2123
[]\T1/lmtt/m/n/10 ## 71 2024    8                   Israel       7.2340      7.168000      7.301000                      1.69500000                       1.743[] 
 []


Overfull \hbox (270.49283pt too wide) in paragraph at lines 2123--2123
[]\T1/lmtt/m/n/10 ## 72 2024   40                    Italy       6.4150      6.309000      6.521000                      1.72400000                       1.526[] 
 []


Overfull \hbox (270.49283pt too wide) in paragraph at lines 2123--2123
[]\T1/lmtt/m/n/10 ## 73 2024   73                  Jamaica       5.8700      5.563000      6.178000                      1.18200000                       1.545[] 
 []


Overfull \hbox (270.49283pt too wide) in paragraph at lines 2123--2123
[]\T1/lmtt/m/n/10 ## 74 2024   55                    Japan       6.1470      6.063000      6.230000                      1.67800000                       1.550[] 
 []


Overfull \hbox (270.49283pt too wide) in paragraph at lines 2123--2123
[]\T1/lmtt/m/n/10 ## 75 2024  128                   Jordan       4.3100      4.193000      4.426000                      1.15800000                       1.202[] 
 []


Overfull \hbox (270.49283pt too wide) in paragraph at lines 2123--2123
[]\T1/lmtt/m/n/10 ## 76 2024   43               Kazakhstan       6.3780      6.294000      6.462000                      1.58600000                       1.688[] 
 []

[30]
Overfull \hbox (97.24333pt too wide) in paragraph at lines 2123--2123
[]\T1/lmtt/m/n/10 ##    explained_by_healthy_life_expectancy explained_by_freedom_to_make_life_choices explained_by_generosity[] 
 []


Overfull \hbox (97.24333pt too wide) in paragraph at lines 2123--2123
[]\T1/lmtt/m/n/10 ## 1                                 0.155                                 0.0000000               0.0750000[] 
 []


Overfull \hbox (97.24333pt too wide) in paragraph at lines 2123--2123
[]\T1/lmtt/m/n/10 ## 2                                 0.696                                 0.8410000               0.1030000[] 
 []


Overfull \hbox (97.24333pt too wide) in paragraph at lines 2123--2123
[]\T1/lmtt/m/n/10 ## 3                                 0.782                                 0.5220000               0.0570000[] 
 []


Overfull \hbox (97.24333pt too wide) in paragraph at lines 2123--2123
[]\T1/lmtt/m/n/10 ## 4                                    NA                                        NA                      NA[] 
 []


Overfull \hbox (97.24333pt too wide) in paragraph at lines 2123--2123
[]\T1/lmtt/m/n/10 ## 5                                 0.579                                 0.8240000               0.0480000[] 
 []


Overfull \hbox (97.24333pt too wide) in paragraph at lines 2123--2123
[]\T1/lmtt/m/n/10 ## 6                                 0.828                                 0.7860000               0.0320000[] 
 []


Overfull \hbox (97.24333pt too wide) in paragraph at lines 2123--2123
[]\T1/lmtt/m/n/10 ## 7                                 0.841                                 0.8570000               0.1640000[] 
 []


Overfull \hbox (97.24333pt too wide) in paragraph at lines 2123--2123
[]\T1/lmtt/m/n/10 ## 8                                 0.814                                 0.8560000               0.1790000[] 
 []


Overfull \hbox (97.24333pt too wide) in paragraph at lines 2123--2123
[]\T1/lmtt/m/n/10 ## 9                                 0.707                                 0.7850000               0.0760000[] 
 []


Overfull \hbox (97.24333pt too wide) in paragraph at lines 2123--2123
[]\T1/lmtt/m/n/10 ## 10                                0.609                                 0.9070000               0.1480000[] 
 []


Overfull \hbox (97.24333pt too wide) in paragraph at lines 2123--2123
[]\T1/lmtt/m/n/10 ## 11                                0.592                                 0.9200000               0.1100000[] 
 []


Overfull \hbox (97.24333pt too wide) in paragraph at lines 2123--2123
[]\T1/lmtt/m/n/10 ## 12                                0.629                                 0.3420000               0.0400000[] 
 []


Overfull \hbox (97.24333pt too wide) in paragraph at lines 2123--2123
[]\T1/lmtt/m/n/10 ## 13                                0.852                                 0.8950000               0.1190000[] 
 []


Overfull \hbox (97.24333pt too wide) in paragraph at lines 2123--2123
[]\T1/lmtt/m/n/10 ## 14                                0.525                                 1.0180000               0.0720000[] 
 []


Overfull \hbox (97.24333pt too wide) in paragraph at lines 2123--2123
[]\T1/lmtt/m/n/10 ## 15                                0.357                                 0.6790000               0.0920000[] 
 []


Overfull \hbox (97.24333pt too wide) in paragraph at lines 2123--2123
[]\T1/lmtt/m/n/10 ## 16                                   NA                                        NA                      NA[] 
 []


Overfull \hbox (97.24333pt too wide) in paragraph at lines 2123--2123
[]\T1/lmtt/m/n/10 ## 17                                0.346                                 0.8170000               0.0670000[] 
 []


Overfull \hbox (97.24333pt too wide) in paragraph at lines 2123--2123
[]\T1/lmtt/m/n/10 ## 18                                0.616                                 0.7490000               0.1780000[] 
 []


Overfull \hbox (97.24333pt too wide) in paragraph at lines 2123--2123
[]\T1/lmtt/m/n/10 ## 19                                0.094                                 0.6970000               0.0180000[] 
 []


Overfull \hbox (97.24333pt too wide) in paragraph at lines 2123--2123
[]\T1/lmtt/m/n/10 ## 20                                0.480                                 0.8300000               0.0890000[] 
 []


Overfull \hbox (97.24333pt too wide) in paragraph at lines 2123--2123
[]\T1/lmtt/m/n/10 ## 21                                0.463                                 0.7080000               0.0550000[] 
 []


Overfull \hbox (97.24333pt too wide) in paragraph at lines 2123--2123
[]\T1/lmtt/m/n/10 ## 22                                0.296                                 0.6710000               0.1420000[] 
 []


Overfull \hbox (97.24333pt too wide) in paragraph at lines 2123--2123
[]\T1/lmtt/m/n/10 ## 23                                0.155                                 0.2980000               0.1720000[] 
 []


Overfull \hbox (97.24333pt too wide) in paragraph at lines 2123--2123
[]\T1/lmtt/m/n/10 ## 24                                0.481                                 0.9880000               0.1380000[] 
 []


Overfull \hbox (97.24333pt too wide) in paragraph at lines 2123--2123
[]\T1/lmtt/m/n/10 ## 25                                0.302                                 0.6620000               0.0990000[] 
 []


Overfull \hbox (97.24333pt too wide) in paragraph at lines 2123--2123
[]\T1/lmtt/m/n/10 ## 26                                0.832                                 0.8130000               0.1680000[] 
 []


Overfull \hbox (97.24333pt too wide) in paragraph at lines 2123--2123
[]\T1/lmtt/m/n/10 ## 27                                0.000                                 0.2928145               0.2535132[] 
 []


Overfull \hbox (97.24333pt too wide) in paragraph at lines 2123--2123
[]\T1/lmtt/m/n/10 ## 28                                0.242                                 0.4770000               0.1750000[] 
 []


Overfull \hbox (97.24333pt too wide) in paragraph at lines 2123--2123
[]\T1/lmtt/m/n/10 ## 29                                0.711                                 0.7790000               0.0930000[] 
 []


Overfull \hbox (97.24333pt too wide) in paragraph at lines 2123--2123
[]\T1/lmtt/m/n/10 ## 30                                0.789                                 0.7640000               0.0790000[] 
 []


Overfull \hbox (97.24333pt too wide) in paragraph at lines 2123--2123
[]\T1/lmtt/m/n/10 ## 31                                0.587                                 0.7770000               0.0390000[] 
 []


Overfull \hbox (97.24333pt too wide) in paragraph at lines 2123--2123
[]\T1/lmtt/m/n/10 ## 32                                0.428                                 0.2600000               0.1170000[] 
 []


Overfull \hbox (97.24333pt too wide) in paragraph at lines 2123--2123
[]\T1/lmtt/m/n/10 ## 33                                0.336                                 0.6260000               0.0820000[] 
 []


Overfull \hbox (97.24333pt too wide) in paragraph at lines 2123--2123
[]\T1/lmtt/m/n/10 ## 34                                0.680                                 0.9480000               0.0670000[] 
 []


Overfull \hbox (97.24333pt too wide) in paragraph at lines 2123--2123
[]\T1/lmtt/m/n/10 ## 35                                0.669                                 0.4780000               0.0220000[] 
 []


Overfull \hbox (97.24333pt too wide) in paragraph at lines 2123--2123
[]\T1/lmtt/m/n/10 ## 36                                   NA                                        NA                      NA[] 
 []


Overfull \hbox (97.24333pt too wide) in paragraph at lines 2123--2123
[]\T1/lmtt/m/n/10 ## 37                                0.840                                 0.6120000               0.1080000[] 
 []


Overfull \hbox (97.24333pt too wide) in paragraph at lines 2123--2123
[]\T1/lmtt/m/n/10 ## 38                                0.658                                 0.9160000               0.1180000[] 
 []


Overfull \hbox (97.24333pt too wide) in paragraph at lines 2123--2123
[]\T1/lmtt/m/n/10 ## 39                                0.206                                 0.6610000               0.1000000[] 
 []


Overfull \hbox (97.24333pt too wide) in paragraph at lines 2123--2123
[]\T1/lmtt/m/n/10 ## 40                                0.278                                 0.6000000               0.1510000[] 
 []


Overfull \hbox (97.24333pt too wide) in paragraph at lines 2123--2123
[]\T1/lmtt/m/n/10 ## 41                                0.820                                 0.9550000               0.1500000[] 
 []


Overfull \hbox (97.24333pt too wide) in paragraph at lines 2123--2123
[]\T1/lmtt/m/n/10 ## 42                                   NA                                        NA                      NA[] 
 []


Overfull \hbox (97.24333pt too wide) in paragraph at lines 2123--2123
[]\T1/lmtt/m/n/10 ## 43                                0.615                                 0.8660000               0.0630000[] 
 []


Overfull \hbox (97.24333pt too wide) in paragraph at lines 2123--2123
[]\T1/lmtt/m/n/10 ## 44                                0.702                                 0.7120000               0.0580000[] 
 []


Overfull \hbox (97.24333pt too wide) in paragraph at lines 2123--2123
[]\T1/lmtt/m/n/10 ## 45                                0.473                                 0.5930000               0.0180000[] 
 []


Overfull \hbox (97.24333pt too wide) in paragraph at lines 2123--2123
[]\T1/lmtt/m/n/10 ## 46                                0.559                                 0.9550000               0.0540000[] 
 []


Overfull \hbox (97.24333pt too wide) in paragraph at lines 2123--2123
[]\T1/lmtt/m/n/10 ## 47                                0.642                                 0.9020000               0.1280000[] 
 []


Overfull \hbox (97.24333pt too wide) in paragraph at lines 2123--2123
[]\T1/lmtt/m/n/10 ## 48                                0.038                                 0.4280000               0.0540000[] 
 []


Overfull \hbox (97.24333pt too wide) in paragraph at lines 2123--2123
[]\T1/lmtt/m/n/10 ## 49                                0.416                                 0.5400000               0.1820000[] 
 []


Overfull \hbox (97.24333pt too wide) in paragraph at lines 2123--2123
[]\T1/lmtt/m/n/10 ## 50                                0.824                                 0.9860000               0.1100000[] 
 []


Overfull \hbox (97.24333pt too wide) in paragraph at lines 2123--2123
[]\T1/lmtt/m/n/10 ## 51                                0.832                                 0.7430000               0.0990000[] 
 []


Overfull \hbox (97.24333pt too wide) in paragraph at lines 2123--2123
[]\T1/lmtt/m/n/10 ## 52                                0.387                                 0.6510000               0.0420000[] 
 []


Overfull \hbox (97.24333pt too wide) in paragraph at lines 2123--2123
[]\T1/lmtt/m/n/10 ## 53                                0.348                                 0.6110000               0.2550000[] 
 []

[31]
Overfull \hbox (97.24333pt too wide) in paragraph at lines 2123--2123
[]\T1/lmtt/m/n/10 ## 54                                0.482                                 0.8440000               0.0000000[] 
 []


Overfull \hbox (97.24333pt too wide) in paragraph at lines 2123--2123
[]\T1/lmtt/m/n/10 ## 55                                0.776                                 0.8580000               0.1480000[] 
 []


Overfull \hbox (97.24333pt too wide) in paragraph at lines 2123--2123
[]\T1/lmtt/m/n/10 ## 56                                0.438                                 0.7710000               0.1390000[] 
 []


Overfull \hbox (97.24333pt too wide) in paragraph at lines 2123--2123
[]\T1/lmtt/m/n/10 ## 57                                0.725                                 0.3960000               0.0030000[] 
 []


Overfull \hbox (97.24333pt too wide) in paragraph at lines 2123--2123
[]\T1/lmtt/m/n/10 ## 58                                0.376                                 0.8820000               0.0750000[] 
 []


Overfull \hbox (97.24333pt too wide) in paragraph at lines 2123--2123
[]\T1/lmtt/m/n/10 ## 59                                0.306                                 0.6760000               0.1570000[] 
 []


Overfull \hbox (97.24333pt too wide) in paragraph at lines 2123--2123
[]\T1/lmtt/m/n/10 ## 60                                   NA                                        NA                      NA[] 
 []


Overfull \hbox (97.24333pt too wide) in paragraph at lines 2123--2123
[]\T1/lmtt/m/n/10 ## 61                                0.227                                 0.2570000               0.4630000[] 
 []


Overfull \hbox (97.24333pt too wide) in paragraph at lines 2123--2123
[]\T1/lmtt/m/n/10 ## 62                                0.436                                 0.8620000               0.1340000[] 
 []


Overfull \hbox (97.24333pt too wide) in paragraph at lines 2123--2123
[]\T1/lmtt/m/n/10 ## 63                                0.948                                 0.6740000               0.1160000[] 
 []


Overfull \hbox (97.24333pt too wide) in paragraph at lines 2123--2123
[]\T1/lmtt/m/n/10 ## 64                                0.587                                 0.6810000               0.0990000[] 
 []


Overfull \hbox (97.24333pt too wide) in paragraph at lines 2123--2123
[]\T1/lmtt/m/n/10 ## 65                                0.873                                 0.9710000               0.2010000[] 
 []


Overfull \hbox (97.24333pt too wide) in paragraph at lines 2123--2123
[]\T1/lmtt/m/n/10 ## 66                                0.316                                 0.9140000               0.1410000[] 
 []


Overfull \hbox (97.24333pt too wide) in paragraph at lines 2123--2123
[]\T1/lmtt/m/n/10 ## 67                                0.454                                 0.9180000               0.3230000[] 
 []


Overfull \hbox (97.24333pt too wide) in paragraph at lines 2123--2123
[]\T1/lmtt/m/n/10 ## 68                                0.609                                 0.4560000               0.2020000[] 
 []


Overfull \hbox (97.24333pt too wide) in paragraph at lines 2123--2123
[]\T1/lmtt/m/n/10 ## 69                                0.589                                 0.5030000               0.1000000[] 
 []


Overfull \hbox (97.24333pt too wide) in paragraph at lines 2123--2123
[]\T1/lmtt/m/n/10 ## 70                                0.823                                 0.9060000               0.1790000[] 
 []


Overfull \hbox (97.24333pt too wide) in paragraph at lines 2123--2123
[]\T1/lmtt/m/n/10 ## 71                                0.824                                 0.7400000               0.1440000[] 
 []


Overfull \hbox (97.24333pt too wide) in paragraph at lines 2123--2123
[]\T1/lmtt/m/n/10 ## 72                                0.852                                 0.6410000               0.0820000[] 
 []


Overfull \hbox (97.24333pt too wide) in paragraph at lines 2123--2123
[]\T1/lmtt/m/n/10 ## 73                                0.504                                 0.8690000               0.0750000[] 
 []


Overfull \hbox (97.24333pt too wide) in paragraph at lines 2123--2123
[]\T1/lmtt/m/n/10 ## 74                                0.921                                 0.7460000               0.0140000[] 
 []


Overfull \hbox (97.24333pt too wide) in paragraph at lines 2123--2123
[]\T1/lmtt/m/n/10 ## 75                                0.573                                 0.7000000               0.0510000[] 
 []


Overfull \hbox (97.24333pt too wide) in paragraph at lines 2123--2123
[]\T1/lmtt/m/n/10 ## 76                                0.504                                 0.8780000               0.1110000[] 
 []

[32]
Overfull \hbox (44.74348pt too wide) in paragraph at lines 2133--2133
[]\T1/lmtt/m/n/10 ## Warning in file(filename, "r"): cannot open file 'tests/happiness.R': No such file or directory[] 
 []

[33]
Overfull \hbox (65.74342pt too wide) in paragraph at lines 2176--2176
[]\T1/lmtt/m/n/10 ##    country                 aware_no aware_alittle aware_moderate aware_alot aware_refuse aware_base[] 
 []


Overfull \hbox (65.74342pt too wide) in paragraph at lines 2176--2176
[]\T1/lmtt/m/n/10 ##    <chr>                      <dbl>         <dbl>          <dbl>      <dbl>        <dbl>      <dbl>[] 
 []


Overfull \hbox (65.74342pt too wide) in paragraph at lines 2176--2176
[]\T1/lmtt/m/n/10 ##  1 Albania                     9.99          43.0           33.1      10.6         3.25         329[] 
 []


Overfull \hbox (65.74342pt too wide) in paragraph at lines 2176--2176
[]\T1/lmtt/m/n/10 ##  2 Algeria                    23.2           37.6           26.0      11.1         2.15        1066[] 
 []


Overfull \hbox (65.74342pt too wide) in paragraph at lines 2176--2176
[]\T1/lmtt/m/n/10 ##  3 Angola                     19.1           43.0           23.5      11.1         3.29         727[] 
 []


Overfull \hbox (65.74342pt too wide) in paragraph at lines 2176--2176
[]\T1/lmtt/m/n/10 ##  4 Argentina                   8.25          37.4           43.8       9.88        0.696       1257[] 
 []


Overfull \hbox (65.74342pt too wide) in paragraph at lines 2176--2176
[]\T1/lmtt/m/n/10 ##  5 Armenia                     9.18          51.4           25.8      11.4         2.14         306[] 
 []


Overfull \hbox (65.74342pt too wide) in paragraph at lines 2176--2176
[]\T1/lmtt/m/n/10 ##  6 Asian & Pacific Islands    13.3           40.1           24.8      19.5         2.26        1916[] 
 []


Overfull \hbox (65.74342pt too wide) in paragraph at lines 2176--2176
[]\T1/lmtt/m/n/10 ##  7 Australia                   1.13          26.4           48.1      23.9         0.407       1012[] 
 []


Overfull \hbox (65.74342pt too wide) in paragraph at lines 2176--2176
[]\T1/lmtt/m/n/10 ##  8 Austria                     1.34          16.4           48.6      32.7         0.985       1120[] 
 []


Overfull \hbox (65.74342pt too wide) in paragraph at lines 2176--2176
[]\T1/lmtt/m/n/10 ##  9 Azerbaijan                  6.19          42.4           35.9      13.2         2.20         541[] 
 []


Overfull \hbox (65.74342pt too wide) in paragraph at lines 2176--2176
[]\T1/lmtt/m/n/10 ## 10 Bangladesh                 24.5           36.2           16.2      18.9         4.22         910[] 
 []


Overfull \hbox (133.99323pt too wide) in paragraph at lines 2199--2199
[]\T1/lmtt/m/n/10 ##    country    aware_no aware_alittle aware_moderate aware_alot aware_refuse aware_base continent     total_cases[] 
 []


Overfull \hbox (133.99323pt too wide) in paragraph at lines 2199--2199
[]\T1/lmtt/m/n/10 ##    <chr>         <dbl>         <dbl>          <dbl>      <dbl>        <dbl>      <dbl> <chr>               <dbl>[] 
 []


Overfull \hbox (133.99323pt too wide) in paragraph at lines 2199--2199
[]\T1/lmtt/m/n/10 ##  1 Albania        9.99          43.0           33.1      10.6        3.25          329 Europe              55380[] 
 []


Overfull \hbox (133.99323pt too wide) in paragraph at lines 2199--2199
[]\T1/lmtt/m/n/10 ##  2 Algeria       23.2           37.6           26.0      11.1        2.15         1066 Africa              97857[] 
 []


Overfull \hbox (133.99323pt too wide) in paragraph at lines 2199--2199
[]\T1/lmtt/m/n/10 ##  3 Angola        19.1           43.0           23.5      11.1        3.29          727 Africa              17149[] 
 []


Overfull \hbox (133.99323pt too wide) in paragraph at lines 2199--2199
[]\T1/lmtt/m/n/10 ##  4 Argentina      8.25          37.4           43.8       9.88       0.696        1257 South America     1629908[] 
 []


Overfull \hbox (133.99323pt too wide) in paragraph at lines 2199--2199
[]\T1/lmtt/m/n/10 ##  5 Armenia        9.18          51.4           25.8      11.4        2.14          306 Asia               157834[] 
 []


Overfull \hbox (133.99323pt too wide) in paragraph at lines 2199--2199
[]\T1/lmtt/m/n/10 ##  6 Australia      1.13          26.4           48.1      23.9        0.407        1012 Oceania             28296[] 
 []


Overfull \hbox (133.99323pt too wide) in paragraph at lines 2199--2199
[]\T1/lmtt/m/n/10 ##  7 Austria        1.34          16.4           48.6      32.7        0.985        1120 Europe             344732[] 
 []


Overfull \hbox (133.99323pt too wide) in paragraph at lines 2199--2199
[]\T1/lmtt/m/n/10 ##  8 Azerbaijan     6.19          42.4           35.9      13.2        2.20          541 Asia               211764[] 
 []

[34]
Overfull \hbox (133.99323pt too wide) in paragraph at lines 2199--2199
[]\T1/lmtt/m/n/10 ##  9 Bangladesh    24.5           36.2           16.2      18.9        4.22          910 Asia               509148[] 
 []


Overfull \hbox (133.99323pt too wide) in paragraph at lines 2199--2199
[]\T1/lmtt/m/n/10 ## 10 Belgium        1.40          26.9           57.0      14.6        0.0961       1201 Europe             638760[] 
 []


Overfull \hbox (202.24303pt too wide) in paragraph at lines 2222--2222
[]\T1/lmtt/m/n/10 ##    country    aware_no aware_alittle aware_moderate aware_alot aware_refuse aware_base continent     total_cases ladder_score[] 
 []


Overfull \hbox (202.24303pt too wide) in paragraph at lines 2222--2222
[]\T1/lmtt/m/n/10 ##    <chr>         <dbl>         <dbl>          <dbl>      <dbl>        <dbl>      <dbl> <chr>               <dbl>        <dbl>[] 
 []


Overfull \hbox (202.24303pt too wide) in paragraph at lines 2222--2222
[]\T1/lmtt/m/n/10 ##  1 Albania        9.99          43.0           33.1      10.6        3.25          329 Europe              55380         5.41[] 
 []


Overfull \hbox (202.24303pt too wide) in paragraph at lines 2222--2222
[]\T1/lmtt/m/n/10 ##  2 Algeria       23.2           37.6           26.0      11.1        2.15         1066 Africa              97857         5.57[] 
 []


Overfull \hbox (202.24303pt too wide) in paragraph at lines 2222--2222
[]\T1/lmtt/m/n/10 ##  3 Angola        19.1           43.0           23.5      11.1        3.29          727 Africa              17149         3.80[] 
 []


Overfull \hbox (202.24303pt too wide) in paragraph at lines 2222--2222
[]\T1/lmtt/m/n/10 ##  4 Argentina      8.25          37.4           43.8       9.88       0.696        1257 South America     1629908         6.40[] 
 []


Overfull \hbox (202.24303pt too wide) in paragraph at lines 2222--2222
[]\T1/lmtt/m/n/10 ##  5 Armenia        9.18          51.4           25.8      11.4        2.14          306 Asia               157834         5.49[] 
 []


Overfull \hbox (202.24303pt too wide) in paragraph at lines 2222--2222
[]\T1/lmtt/m/n/10 ##  6 Australia      1.13          26.4           48.1      23.9        0.407        1012 Oceania             28296         6.97[] 
 []


Overfull \hbox (202.24303pt too wide) in paragraph at lines 2222--2222
[]\T1/lmtt/m/n/10 ##  7 Austria        1.34          16.4           48.6      32.7        0.985        1120 Europe             344732         6.81[] 
 []


Overfull \hbox (202.24303pt too wide) in paragraph at lines 2222--2222
[]\T1/lmtt/m/n/10 ##  8 Azerbaijan     6.19          42.4           35.9      13.2        2.20          541 Asia               211764         4.88[] 
 []


Overfull \hbox (202.24303pt too wide) in paragraph at lines 2222--2222
[]\T1/lmtt/m/n/10 ##  9 Bangladesh    24.5           36.2           16.2      18.9        4.22          910 Asia               509148         3.85[] 
 []


Overfull \hbox (202.24303pt too wide) in paragraph at lines 2222--2222
[]\T1/lmtt/m/n/10 ## 10 Belgium        1.40          26.9           57.0      14.6        0.0961       1201 Europe             638760         6.91[] 
 []

[35]
<_main_files/figure-latex/insight1-1.pdf, id=252, 469.755pt x 325.215pt>
File: _main_files/figure-latex/insight1-1.pdf Graphic file (type pdf)
<use _main_files/figure-latex/insight1-1.pdf>
Package pdftex.def Info: _main_files/figure-latex/insight1-1.pdf  used on input line 2242.
(pdftex.def)             Requested size: 469.75386pt x 325.2142pt.

Underfull \hbox (badness 10000) in paragraph at lines 2242--2244
[][]
 []

<_main_files/figure-latex/insight2-1.pdf, id=258, 433.62pt x 289.08pt>
File: _main_files/figure-latex/insight2-1.pdf Graphic file (type pdf)
<use _main_files/figure-latex/insight2-1.pdf>
Package pdftex.def Info: _main_files/figure-latex/insight2-1.pdf  used on input line 2259.
(pdftex.def)             Requested size: 433.61894pt x 289.07928pt.
[36 <./_main_files/figure-latex/insight1-1.pdf>]

LaTeX Warning: Reference `fig:insight3' on page 37 undefined on input line 2267.

<_main_files/figure-latex/insight3-1.pdf, id=282, 433.62pt x 289.08pt>
File: _main_files/figure-latex/insight3-1.pdf Graphic file (type pdf)
<use _main_files/figure-latex/insight3-1.pdf>
Package pdftex.def Info: _main_files/figure-latex/insight3-1.pdf  used on input line 2269.
(pdftex.def)             Requested size: 433.61894pt x 289.07928pt.

Underfull \hbox (badness 4981) in paragraph at lines 2269--2271
[][] \T1/lmr/m/n/10 Coun-
 []

[37 <./_main_files/figure-latex/insight2-1.pdf>] [38 <./_main_files/figure-latex/insight3-1.pdf>] [39] [40] [41] [42] (./_main.aux)
 ***********
LaTeX2e <2025-11-01>
L3 programming layer <2025-11-14>
 ***********

LaTeX Warning: There were undefined references.

 ) 
Here is how much of TeX's memory you used:
 12187 strings out of 469519
 188364 string characters out of 5469078
 686276 words of memory out of 5000000
 40524 multiletter control sequences out of 15000+600000
 688937 words of font info for 89 fonts, out of 8000000 for 9000
 14 hyphenation exceptions out of 8191
 89i,8n,93p,1385b,681s stack positions out of 10000i,1000n,20000p,200000b,200000s
</Users/trzmahhh/Library/TinyTeX/texmf-dist/fonts/type1/public/lm/lmbx10.pfb></Users/trzmahhh/Library/TinyTeX/texmf-dist/fonts/type1/public/lm/lmbx12.pfb></Users/trzmahhh/Library/TinyTeX/texmf-dist/fonts/type1/public/lm/lmr10.pfb></Users/trzmahhh/Library/TinyTeX/texmf-dist/fonts/type1/public/lm/lmr12.pfb></Users/trzmahhh/Library/TinyTeX/texmf-dist/fonts/type1/public/lm/lmr17.pfb></Users/trzmahhh/Library/TinyTeX/texmf-dist/fonts/type1/public/lm/lmr6.pfb></Users/trzmahhh/Library/TinyTeX/texmf-dist/fonts/type1/public/lm/lmr7.pfb></Users/trzmahhh/Library/TinyTeX/texmf-dist/fonts/type1/public/lm/lmr8.pfb></Users/trzmahhh/Library/TinyTeX/texmf-dist/fonts/type1/public/lm/lmri10.pfb></Users/trzmahhh/Library/TinyTeX/texmf-dist/fonts/type1/public/lm/lmtk10.pfb></Users/trzmahhh/Library/TinyTeX/texmf-dist/fonts/type1/public/lm/lmtt10.pfb></Users/trzmahhh/Library/TinyTeX/texmf-dist/fonts/type1/public/lm/lmtti10.pfb>
Output written on _main.pdf (42 pages, 644174 bytes).
PDF statistics:
 506 PDF objects out of 1000 (max. 8388607)
 417 compressed objects within 5 object streams
 111 named destinations out of 1000 (max. 500000)
 159 words of extra memory for PDF output out of 10000 (max. 10000000)

